"InitialFrequency","InitialLatitudeGradient","InitialLongitudeGradient","SelectionBase","SelectionDairying","Migration","SelectionMultiplierBritishIsles","SelectionMultiplierRhineDanube","SelectionMultiplierMediterranean","SelectionMultiplierBaltic","Distance"
0.007080155414818086,0.0003562787840003816,0.003552292617563172,0.00033614462171802285,0.025361183771072326,0.003770415204157217,1.8094416636679962,1.4968056102326894,1.0384453155065492,1.301043090911898,0.250450992246486
0.006065176570043272,0.010219196306286532,-0.005123517428284082,0.002554133894511943,0.01476931775980063,0.014909499933445218,1.6844823538489324,1.6407218743544694,0.776288470892731,1.592500745197306,0.03657598678410187
0.0015230178574302238,-0.0013486159964898655,0.00510395582397339,0.006351363380274281,0.02631361445596041,0.010825732499975113,1.213214330725618,1.799005149463617,1.0207211361281259,1.5603413400482609,0.2602441729109079
0.011387874055000182,0.0013638920435737427,-0.005034339796346835,0.0005317845912620172,0.0029830195899069167,0.006737590208726949,2.151467367820701,1.3158792388009835,1.1501102255767548,2.1540553767802337,0.051237765985808106
0.0001327447713729255,-0.006372976688239331,0.0028495712131014414,0.007998248798634866,0.005159241937897452,0.007997891116471834,0.8744365372121466,1.0962087441308186,1.3535034800686354,1.8449957246673878,0.04612443479142123
0.01827631721864299,0.0035249525946997933,0.0008043561237149178,0.008376852792408719,0.001787134568190254,0.013216569724497342,1.083096979404629,0.6086660237540037,1.1835875000051819,1.7974737126790465,0.07978145811176302
0.0009386538461318543,0.002732998474901825,-0.0009571960547089696,0.004361211337542192,0.018686719150425628,0.000019723523698035317,2.0359189690968673,0.6623905118556234,1.1279616802905392,2.380769122930135,0.043328430535307036
0.0025541133456375526,0.010058527568972998,-0.002288976038425545,0.005112163533893032,0.023034468194191762,0.009016778305428968,0.9884457159342577,1.231972488801862,0.6176338380778003,1.309757597812896,0.04203930673519056
0.00022106708040742746,0.007008360078384704,0.006779361083670147,0.0015077902869474488,0.0075648364075947775,0.007132654547021264,1.9308367409780225,1.4615888259588932,0.7823900861399452,2.0808152614787043,0.059306923680392594
0.00018168241220686826,-0.0007119998873884566,0.00583544688979066,0.0006060372032337656,0.036637804400378865,0.0061207795069287176,1.8202367311356837,0.7894812681083826,0.6389978754668865,2.146726673409177,0.041557086132734386
0.010218786369338694,0.002619692380261783,-0.0007406084772701256,0.0005528254685115428,0.020542053718074015,0.008129946183833357,1.926583206719118,0.611635126969392,1.1752814794191846,1.8271178338685783,0.21275635790751002
0.00007741349630589844,0.0018292467795769278,-0.0011249113368246135,0.007038353745026536,0.016680651252361314,0.012493720419121017,1.0809285097723824,0.6980746921907978,1.0841585781694723,1.8819955743146715,0.05511886415334342
0.0015753396054046557,0.0036414550431768406,0.003078508506238588,0.0020672870778473316,0.013510102676846216,0.01444720246155759,1.6687580594272486,1.7144600440718734,1.3932494667583057,0.9266124745372135,0.04276122331376363
0.006479419746142035,-0.007363956474310844,-0.004314507079984004,0.010239676899484223,0.01935117673892103,0.0006120209822428624,1.5344862376006299,1.497151621421903,0.9071648611878245,1.7521134827537408,0.3860977033284905
0.00032868259175429466,0.00493572493811622,0.0044789230311883905,0.007783096027310124,0.029819644542342188,0.012643537892782181,0.9326246282411413,1.3694531685421152,1.0504843143658829,2.006731018202957,0.10694637400745843
0.0007340667479494204,-0.00563730397561297,0.00793249294166579,0.004775917370402984,0.016920649176941138,0.013601488278842722,2.1003341012840693,1.715331180510231,0.9314618419102834,0.8016575185274907,0.07799336314002017
0.00008025075596148548,-0.0056874582352079515,-0.002348265126076093,0.011984443213365583,0.016974981894406646,0.007474968102756299,1.273828870850734,0.7515482363864551,0.639559425390206,1.8912759885832282,0.1357972611584169
0.0002989578197448755,0.00992152487269151,-0.003250093766558258,0.0016761196439082093,0.021538569403495727,0.0016816148819225696,1.6604900949636536,1.322255315828983,0.695711342255206,1.9092482352178837,0.05011424919899163
0.0012310312668305443,0.0015470514399425,-0.0013324900795876893,0.0023380225673109143,0.00035156871283488657,0.003857921077657417,1.7395064632931008,1.1619823486407077,1.0626423900154576,1.2177704596645298,0.06066690757205775
0.011782235228518217,0.006455623418279293,-0.005132641357576958,0.0036882512595675055,0.035938941786695704,0.01090168608013371,1.2434446829367842,1.6393317679499262,0.9501542630090465,2.017992637653914,0.5362711836843406
0.0012516854624256392,0.0005879987807018576,0.0008186918323066018,0.007803314854348287,0.013978786585958627,0.013766502176310045,1.9371744961203525,0.6251407995632281,0.8608867631221152,0.884292187497308,0.03508684929865137
0.0017520490409972955,0.011876188177653976,0.0006599026771475991,0.004222022539053452,0.0017246915107729777,0.008166190584547766,0.9589450478938848,0.9422144139128907,1.0579068409045116,1.2194335061292936,0.058910703540081766
0.0007129807844366436,0.004123101829090648,-0.0011025411658351202,0.0009923863750598665,0.0162031278533064,0.005562257303215554,1.8790028487368402,1.330942857249861,0.9144725035191403,1.0544480048786191,0.056872453873916824
0.00957339223582487,0.004845507642232703,-0.005578264945600331,0.000013848706130731082,0.03740459497083569,0.0140549566911723,1.9032788074011555,0.9521026216296524,0.9172278388259261,1.9862920098860417,0.37682185720644346
0.0007253426744725676,0.009938977838062687,-0.0014869040290271265,0.010358938974559393,0.038415647062864614,0.011929560622172623,1.499558606291639,1.034511204903093,0.5367928982171916,1.4752995187341411,0.18377060952509372
0.009969556740688853,-0.006502633267691637,0.003198616081925156,0.00920279043462802,0.012838954296437981,0.007416446021034618,0.93270267045638,0.7788105269760793,0.44161267230284207,1.0799061968307258,0.13725267380212378
0.03026802222324493,0.002120395936220108,0.00482706904170254,0.009039676750182427,0.0368773619080928,0.010737446570944843,2.1158203953483317,1.3625640194128377,1.0878796541243243,2.2817279254920755,0.7328462290863871
0.0006106774030111652,0.006953903988875892,0.0027305290530084745,0.005707094673519793,0.014168940158803097,0.014490642652413727,1.6846495598509859,0.606211164929439,1.0075801206326767,1.3859708561158772,0.05150601957685021
0.0007751142801974253,0.003969483583637346,-0.002541863823409411,0.007927914486299618,0.024085619100331756,0.004723337450442172,1.7591783423498473,1.1591527738519687,1.256019557082937,0.8594139215475842,0.06837772416230417
0.01118519370986944,0.005201239902106079,0.0018118245423838885,0.009650354975828885,0.026914230547132104,0.00728583865161125,1.7826059153569576,0.6680640802078558,0.6085701341831354,2.0733885218922716,0.37237062196414855
0.003411921585285827,-0.005538716535469678,-0.006458733128675373,0.0032337130788768443,0.01881193256090442,0.013774490853795944,0.8612930239610739,0.6690525643117894,0.4991854439113014,2.232546562919733,0.03732859962381759
0.00008089769203107526,0.00976476715922985,0.005538198454608722,0.00023976213187540285,0.01794817553632978,0.0103901205382277,1.6400315450146887,1.088391991857291,1.2807851005853115,1.923948799243418,0.052307718075759235
0.0028253245342599394,-0.00453375500831721,-0.0018701783893533312,0.0005277630275370174,0.03459703169146962,0.013849715179184048,1.143710741127383,1.2862485192003628,0.7617595751482714,1.9695729575937497,0.21474966728269043
0.004724679557745681,-0.005280600025400337,0.003993991181212856,0.007236946980916979,0.037518372741969605,0.009835539843535407,1.8509346052626146,0.6561247504967643,0.6052488253184501,0.8521348790439977,0.3433017728866169
0.000921742577659456,0.00047134363533086354,-0.0011538633688997102,0.008674851410037826,0.031055024321105355,0.010378132785010532,1.2855926547420862,1.5600216896445855,1.1680861892785785,2.2907902799042867,0.3175516064010686
0.001914580136397761,0.007963951586381633,-0.0011150747556873278,0.00009845339993128999,0.029495921232134376,0.012380584134716701,1.0244733849276997,0.7109125912182449,0.47417996918706906,1.0203205578175696,0.050042739624726724
0.018042310686035564,-0.00293704787094861,-0.0012243031966119773,0.006630406418703534,0.021947774640597714,0.0035725463880211202,1.9908080612212518,1.72003110297405,1.335106446600285,1.4239859923756335,0.5644054773234863
0.0015032034523232384,0.002077165211503729,-0.0057902575821156856,0.007447082753913926,0.032350627088932625,0.00662608030770669,1.389441514209767,0.7560941119540946,1.1519228574715694,1.3266653136154158,0.2379869169481911
0.006095989496281826,0.01083902208033506,0.0002292876602153058,0.010464376084692171,0.00002360844050488531,0.006191758588991537,2.1133167002209343,1.6362338964221594,0.5413524614727426,1.6013166977150213,0.04423477047993463
0.00032680903259667103,-0.005112208936672207,0.0013985014887919114,0.003087651340457425,0.011537230506143317,0.011872240530716172,2.1893754017575286,0.6309659046879308,0.7718930159512883,0.8752145544343943,0.05138859330424598
0.02590249011098597,-0.0013060180297068342,-0.0009599440784244742,0.006842425364676517,0.021840382316718872,0.002680684922897799,1.9179736607589604,1.4423846244287666,0.7560684197018336,2.369387613961633,0.48800787362683523
0.00047557413590304244,0.00749927015515725,-0.002034478539033188,0.001500170462426846,0.015923188560427848,0.006123883924597625,1.2676602497773326,1.4034360334668845,0.9348095095895019,0.9917190933883919,0.0572469986553537
0.006645085054484513,0.010971764174589066,-0.00292790520477239,0.008069929136851372,0.03473514201379339,0.011679745614501682,1.737221416261,1.245686272732256,0.6077555717806299,2.2997369722612135,0.37026526222416206
0.00848011423903482,0.0012420548017919259,0.00408449360329115,0.010990557961327597,0.014826946191159446,0.00021217220374454391,1.690295955156003,1.2869128444667426,0.42009307192168654,1.071855896060466,0.19957967990164915
0.0005302703798254038,-0.0038859740534979022,0.0036315485149355773,0.004113783628547647,0.013120566225030075,0.003348231940667413,1.3547537880528946,1.705060169372177,1.2924411203889594,1.1411066541269725,0.06335350313244172
0.00024969802796344435,0.007466957206125227,-0.002473547300228219,0.0029574334820859686,0.010533081119302751,0.00961444136021057,1.6461264181899196,0.7624530731536333,0.6449185144180515,1.0512842472137156,0.05874463585369424
0.0002862723886534763,-0.0023714226459378746,-0.0024799857298646337,0.009471565715473699,0.03781272327412089,0.012715916865506882,2.099541035882915,1.3282186355896661,0.673575953504597,0.9609837325909478,0.2758578921449846
0.0044298371406229844,0.00022953947452804258,-0.00522575118316496,0.003602907367941242,0.01602821860857027,0.007333124167734379,1.995685568210518,1.2333774657273615,1.2982219319481634,1.0710635158556048,0.14968034753774437
0.0003998530633860469,0.007477584503622955,0.0032164422684511002,0.0031218427931047703,0.03553490601665162,0.011777149732893196,1.3991389312822315,1.6667079478366869,0.5315238008556081,1.6552597814849785,0.11603160418098715
0.0001213886801238529,-0.002760853163852854,-0.0033068150226562487,0.00043204160925365635,0.012005237070657761,0.014107066315454601,1.059420713166452,1.5726995306404044,1.324885405126036,1.4042530739582357,0.050012418677803795
0.0025321696889771374,-0.00460129547862363,0.0030992925382045656,0.003292615562153274,0.009434556858102709,0.009197242748992033,1.4522967093522583,0.8117592396917226,0.6830818453859734,1.657140266517981,0.04855700580271993
0.005104570728642877,-0.0022064917582249174,-0.0028984719500515406,0.004168165314963542,0.024913804085917465,0.006343593942329906,1.5247041121464402,1.2608787068306382,0.9666172279366774,1.7447278434022877,0.2753331129359522
0.00007523439648671076,-0.007691574460812071,0.0026326557902938996,0.006323707785731955,0.02077510929257028,0.006324693679279204,1.5691461443911987,0.7010269466097174,1.2575889440270902,2.3438682171928753,0.2814621005309769
0.005421700395476381,0.004862652540115094,0.005862331202835339,0.00048809922900284607,0.0262650626249238,0.0015738608714105206,1.5781031656928213,0.8320038353606922,0.4254597500573657,1.8138113597914458,0.03604315891040728
0.0007057745776474049,-0.006516408979195589,0.0033106015851848414,0.010665492749685977,0.02818148907586112,0.006811189588907575,0.9424501080315854,1.0204500258704663,0.4123376715478405,2.246566094129261,0.16182351788915825
0.002316570821449246,0.006106897013358539,-0.004813702043789238,0.0025829558965103417,0.011521156467572978,0.0022220971666439293,2.0119333929913377,0.8894825857630512,0.9089052248070604,1.2270997833325925,0.052454208226323615
0.0010734423444242803,0.0034990833978620845,0.004067850628072116,0.007676977137615266,0.026795817344640743,0.012046224289274415,1.7114105062872376,0.9212203633336526,0.8687229469521746,2.3363530108764277,0.06614378305137393
0.022815182501366594,0.010525231848257998,-0.0013857711467803462,0.008301497136911055,0.026372364016703377,0.000005220329824551228,1.5201446386500144,1.1476856838379734,0.8248083140442565,0.9847440420363665,0.5327598984783889
0.00022817290767039342,0.011205576175456169,-0.0003484172585968075,0.007380745082452557,0.022450114821749294,0.011285093917526962,1.7735086161613338,1.480435013711363,1.0814760479440026,2.21649289745679,0.05695274512748822
0.0005837418148283807,0.001874832530929587,-0.004172045241861472,0.011423676267371194,0.019876481033573618,0.013491133969083005,1.6428723792742896,1.1393048460402515,1.0434723160272654,2.0179167648384326,0.09973276035294293
0.0011934613714038567,-0.00524430270012907,-0.00603218069277727,0.0016819741770750136,0.015483561727889245,0.0039579743846108436,0.8128558912013412,1.2851182573562419,1.3218892772772315,1.7224233336137882,0.09139016629795853
0.028539326658891386,0.005045093534143608,0.007504381552808074,0.005998982929362159,0.03746511314178948,0.000600729702316658,0.8491954635634682,1.3447267356958388,0.7184821576369459,1.044473528735106,0.6098449286114834
0.00024110727580757915,0.011368406722361718,0.0001416501022301766,0.0025032212656277376,0.020335367735852188,0.0017367244289918525,0.9832030750542082,1.6464172634708885,1.3367184335732405,0.8455145385985152,0.05106344487037159
0.0034120931724515185,0.011093358910884409,0.005825118891510499,0.0045820899997356815,0.010656931645128456,0.008938061439766429,1.7163226166958723,1.2499487860459946,0.8605227386149589,1.6141895775539743,0.044572094612229864
0.00007500424760371904,-0.00765253601830514,0.005938128029715532,0.0018973142275649365,0.024667482867820976,0.006207015010050815,1.2958417549506605,1.5634915182851687,0.952267458452513,1.7740465773761749,0.14393507170273445
0.0012164041873253995,0.006539007022388613,-0.006379198188402704,0.00400805761742889,0.01722928333828798,0.0025187747916685385,0.8403822059201023,1.435920433928259,0.7812597864526559,0.9390345102296834,0.04849633975817025
0.0001707385974053766,-0.0017415866216295068,-0.004953434507102429,0.011832196308038482,0.03538999149922533,0.013740254190282955,1.7214920674150351,1.4141687359571802,0.98545477021953,1.7686108503322961,0.3372387497071641
0.00009356592609463764,0.008611708517265665,0.0036437964082300135,0.0033868801511351076,0.0362921179066943,0.005420136386316346,1.3242452137552525,0.6716274886780114,1.067063208236674,1.2240999313557626,0.027264007185059606
0.00006314628086955486,-0.0007123288547309388,-0.005546998223467497,0.008201643173701107,0.030770100354370663,0.008415325393484467,2.0915093276937444,1.470222114382874,0.9076323921944409,1.9892473044645567,0.19521195704743
0.0001503699035723433,0.011725637665945182,-0.00528606181133669,0.0030498508328491844,0.02683199815788921,0.01001747005312874,2.033571874949298,1.688448316698087,1.248784606946693,1.4098326362401075,0.08231559739620196
0.0077356936260398294,0.010087779885051516,-0.0035678135561193545,0.005410557154452189,0.006754767251381883,0.008414999583636874,1.5709750383933545,1.2247085833650642,1.182770847232135,1.7357072474983695,0.03366075021987623
0.0008460680988548639,-0.004031199493837351,-0.0021781876744481786,0.0030698031117040027,0.004437429656862282,0.000642858736849935,1.6933580643695116,1.3404389354200337,0.9382776267894184,1.0617139260179542,0.05689027000389519
0.0172146359159868,0.0036437524725594565,0.0012197931693458414,0.007027784870702647,0.01480895952269993,0.014246088205004837,1.9142509418444966,1.3144653165322235,0.5075788061304317,1.4112164678909285,0.20210008921336883
0.0000687607332430629,0.0038433806021132473,0.003884475241857384,0.004243133640190621,0.03483777197924441,0.004800239990853484,1.2196066002653543,1.783498074568127,0.6180785531818155,1.709760931317763,0.11101229728104048
0.013503990899575914,0.0053571067554275,-0.001558817836424627,0.011284885030095167,0.019683385086841535,0.001879407579678377,2.1578506499915653,0.9698000788403659,1.3911755201523706,2.019349030489887,0.5298662342164202
0.0016515209381223698,0.009198911178379062,-0.004396644480235722,0.001911200701296754,0.015632149482396454,0.00009862678036625771,1.8009285593627882,0.8590075199991156,1.3175261999372332,1.2220386068053752,0.051170767435004434
0.012320428715883151,0.005830441832431677,0.0049408596507234575,0.007899386662614439,0.008107242865228015,0.014430996376329748,1.361696842804783,0.7830887330488313,0.6481501962696056,1.2114732416130913,0.07389322955778532
0.014720545077713958,-0.005747220305158265,0.006369288358547092,0.0016003293154795016,0.03363814050409828,0.014282302150313928,0.9549457698884437,0.8169628576580986,1.0253153640773864,1.733976279093761,0.4325542023375699
0.00008769344977592572,0.004238620439351013,0.00030001253173638886,0.011495997863734292,0.016831287917173025,0.011349303131426331,1.9136581011972933,1.6927961380845675,0.46927679616246676,1.109229468818229,0.042445137932940205
0.014900219648188865,-0.005712551405247013,-0.0071303112168477015,0.010062708203274788,0.00904736625823551,0.0012670195485107937,1.1353498565510347,1.572885570267593,0.5163399174966051,1.6869535835068759,0.2077811932783035
0.0003536601320086481,0.006471068561747718,-0.0009989249258175014,0.007211604386263062,0.012775245764436711,0.006576744265326717,1.9450008261402885,0.7336179007418313,1.329600582388235,2.285995688190719,0.049725371046128154
0.0019445115112295668,0.005469375417420793,-0.00008459960397251365,0.006180846292439633,0.029198470949896197,0.00018189239400532518,1.553345482731754,1.4781984551134117,1.349244523333532,1.4464382369986541,0.1725559408756418
0.0003985429812015665,-0.0013472708795676587,-0.0020602327788103595,0.011489680481334584,0.02261510821098123,0.0018295713431316406,1.388739672213776,1.5167219488571906,0.4770411409824912,0.8343443599045668,0.05769794093534717
0.017507450165643142,0.002553306553890982,0.0031183917878784906,0.009197516071088385,0.03914941744068384,0.012424051436653634,1.077338069645296,0.7869636849271459,0.9792918061586824,1.212476295484414,0.6168234355049544
0.0011469574390409992,0.0022106039035850894,-0.007507539710878106,0.008722594596190923,0.0027373890271551104,0.0028473658566474033,1.74060234985029,1.0785727167585246,0.7162605777983476,1.669151175262557,0.05209072050455798
0.0003910044606222928,0.003350740401740911,0.0016770725322200555,0.0061640487673054216,0.03983138498370201,0.003964188660383169,1.0082618378840167,1.0130250513963965,0.994303940285653,1.810886214447736,0.07918141513523903
0.00019940461013502869,-0.0035862728555939925,-0.0068877723236803945,0.004845146048214443,0.004942888819353017,0.002436010223619516,1.113894901178585,1.5378418129984648,1.3345373362698736,2.3261852282938933,0.05189925020982556
0.00027164621094122413,-0.0042931803388827315,0.006911756401032363,0.0005271157387589494,0.01926625346845345,0.00011992379447132939,1.087147580963005,1.4216496585185685,0.8875057037108033,2.194950302172291,0.03980429179077058
0.027381174380995552,-0.006608710221412213,0.002391337220877194,0.009720103262717612,0.03239335900992431,0.001498186556021792,0.9394118569023673,1.6061756831885523,0.8620973914472735,1.0033770848474994,0.6730779063510787
0.0013227200037837154,-0.0008887630503425399,-0.007585564980902288,0.01159813041478294,0.02077616628319115,0.011722079452148848,1.8864002493715923,1.7482420239774294,0.5335669426146349,1.067732451657483,0.15740394038313363
0.0010770313531791179,-0.0024786591150844136,-0.0052848662479351455,0.001367786121336171,0.015935854435847975,0.007620354479929913,1.5568133124386545,1.0902312951807114,1.3050337213714558,1.7398749812376901,0.05859680392771514
0.0010528530440840607,-0.0063612336442746085,-0.00012068903207956083,0.011516499892818811,0.021665642388388768,0.012800195698502293,1.6950894893139987,0.6216859010969571,0.9079772727765478,1.8167884161916632,0.2979516092406895
0.0023959540287721115,0.006617167665157815,0.0074453978090234475,0.0025399970039358035,0.023298017466666467,0.014189178271898481,0.9420426454643557,1.624645069333908,1.1671979981683127,0.8080862120464026,0.0977046568626226
0.0008815709422667345,0.011373813089045866,-0.006131234929404258,0.007929260928036204,0.01409321913978033,0.012720281683537556,1.6110694820394493,0.9191440622197631,0.572056495575675,2.0911729017907357,0.04862438989105581
0.0008401078913486336,-0.004951894910914862,0.001029548023304617,0.0029929000974576567,0.004135367314738803,0.012562376687103917,0.8845632786987427,0.805600151694175,0.5373741044527259,2.30963550407982,0.05832443580844073
0.00008605511649257277,-0.006308936257370152,-0.0033375876013907514,0.0009799649467563522,0.03506274966889689,0.007933732787574685,1.8383314703206668,1.1572225272404195,0.8191825495837329,1.5182400679722154,0.19419868729975714
0.000353558856956653,-0.0022368159819759876,-0.006575842693488845,0.006256420714775539,0.014401446732521564,0.0005094501639928495,1.3582402877595507,1.6376718853282732,1.1856403273649405,2.374304930793914,0.06842526631939257
0.00009594866009730053,0.0033525132746264038,-0.0012299567931033195,0.00239128616999879,0.01494932894701309,0.001348623161231155,2.1494402601629767,0.9785755104721241,0.5785031920205844,1.8124761161973801,0.057867492988127114
0.0039034927597643232,0.007616989931249408,0.005521272609897011,0.007852881606344219,0.03872013501451837,0.006949097907210526,2.065612747041564,0.6210366658749785,0.7325672441069034,1.332275506999617,0.2714257734628037
0.014331206427588903,-0.003031481128843551,-0.002449011969965639,0.0018587562599095575,0.037902977676632636,0.003686930479747945,1.8679353983010711,0.8613575210005238,0.4638397365835615,1.8374725231956912,0.30483316516530895
0.0037774665897697857,0.0005139624487480603,-0.0008769991968529922,0.010042226362054785,0.017539909070625265,0.014035297296937468,1.8906481628806975,0.8012192712376633,1.2973928133477861,2.193551563648715,0.3076036925750233
0.0019105817132370531,0.011236854956100297,0.0018671072630082044,0.00015868961869586152,0.02095572712547666,0.006359265663441111,1.8220738156713998,1.5646789935012881,1.19251335636932,2.098814552833548,0.038918794732110525
0.0013823595097597185,-0.002899184851029479,-0.00042242218440604164,0.008636549530964387,0.002919329102043893,0.0007682605089040106,1.8787579718675504,1.4309770987258308,0.7444324736995059,1.8843991264730173,0.048026208234125026
0.00009256236002426684,0.009714262004123512,0.0076016897359292065,0.008590759188110593,0.012104142242202407,0.002706946895699758,1.7944775133518966,1.4547840310252522,0.4590192651158137,1.6526904371590347,0.04785748127975182
0.0017038830843693787,-0.001882158415844126,0.006762613612721033,0.003059794812405161,0.03853240517973295,0.005684098977414494,1.24852245877269,0.8382198340171472,1.0933777090710248,2.36901018098288,0.3206872050809022
0.0003687619343968242,-0.007774221759084489,-0.002261301731540467,0.008486080697372441,0.027172715058609284,0.007118873794398376,1.495313102363923,1.3845220911179168,0.9701773921332388,0.9682008478042782,0.3332208995279426
0.0001373368006488008,-0.0034297540619432285,0.0011674725360122978,0.008636989986289428,0.03999049572933261,0.002988142782955473,1.614064674756378,0.8927000065799138,1.184472156969738,2.133247902114875,0.4391971998003118
0.0005942928849887978,0.004627082830025436,-0.007493745083214577,0.0020378722400549282,0.025780159917072887,0.001592620150126789,2.137695396301702,1.4772827659493464,0.6856525902176244,2.3274835963267644,0.0689073460166566
0.0002140497537149087,0.004466080977229978,-0.00025872902379136067,0.0028355712430150753,0.002787728573742978,0.005458067048098038,1.034682980364001,1.5169608579789995,0.8398226412836879,1.6574033495253826,0.06095258252825962
0.00016114611357911132,0.00006903471057305755,-0.0008361875296334347,0.00738040314400151,0.03177728643884779,0.008049703389675561,2.18476003740619,1.26681933738174,0.9234976425960286,1.074914847529831,0.09751918888283027
0.0004687715076400375,-0.007943167848367027,0.0021110325293212926,0.007811263621012845,0.03964246535624001,0.010911531370114084,1.2081422824841115,1.4726390936260383,1.3607710677038154,1.2195866660989592,0.5408971549891143
0.010323797775385807,-0.004668631983898093,-0.005912917585544829,0.005406196923531265,0.033302953942286724,0.004187968840021611,1.9698757381264413,1.5449246630474665,0.9287434026054902,1.1303644340969687,0.5605487224298057
0.00198405330416237,-0.004025117799472102,-0.0055493180111697744,0.0005986508307142984,0.016397843279996323,0.013948958702006024,1.9616677420064317,1.2594921766979787,0.7572541472877191,1.9099875414848035,0.04095186508742921
0.023406907156220673,0.004964687718840544,-0.006194657975265728,0.009944761079645828,0.013663425819859345,0.003405093163956061,0.8795473644193634,1.5626265412999776,1.1252335998692256,0.8411231263690375,0.4480056395270548
0.002411650359896456,-0.003993853135616005,0.0008620103717625192,0.010421655767251261,0.030365706287078638,0.014615837441155476,1.3427815487918475,1.0982988579244364,0.798982893615429,2.0800486328940835,0.3678400956188596
0.012575918255567385,-0.0007741672072720247,0.004573443708283439,0.009115325056462936,0.007885533457005042,0.00512002968410422,1.936877423215795,1.6890063868801075,0.550441535321108,1.0915191826069328,0.1356658873296503
0.03161264032114556,-0.004708847500434074,-0.0026776786912577747,0.005424583169119935,0.011903944215422176,0.007772876983203534,1.2318514158339098,1.6201509008824746,1.1181039334239018,1.9839731461566354,0.331839836108799
0.006457082453260907,-0.0068622910287792546,0.0012387715873052052,0.004809910330532451,0.024451146261047604,0.0008544588339140823,0.804961622854148,1.1884977887886221,0.7361489767482462,0.9398332809645833,0.24485002085849752
0.0005327521334164392,0.004661284049021746,-0.0032475074071110764,0.00922889944584778,0.03693504684951103,0.0017086833558689395,1.8388716480258225,1.6118193628671573,0.5165688305672945,1.2699714308289127,0.20755699587758253
0.00017946259759829032,-0.004450322607815915,-0.00515686336064962,0.00953267357832116,0.01218214663257582,0.005906926195043143,1.1150361097707764,0.8523562703547107,0.8765498941961966,0.8334764614127842,0.06833535169715217
0.0005997816705899402,0.003003193898048673,-0.006527804543837135,0.010273724383317327,0.015390251618032194,0.013886823362778355,2.0564470293469235,1.5191033361178459,1.1996221846568136,1.0705161249199402,0.08365784214234537
0.003707402043500799,0.0002984510816389312,-0.0011335514725643349,0.0067170301862822445,0.004960494953511372,0.012753692718515943,1.4289965433213192,1.5256150211231043,0.7874626813508706,0.8045155663952301,0.042076418017393216
0.0002203445412339666,-0.0038538489832783645,0.007568545568557561,0.011078519106022469,0.03796721290816535,0.004517867581077498,1.5726328456710648,0.8703649422946191,1.0263126261386515,1.5898633076539235,0.35976341582155213
0.00020992416106450028,0.005956612090812644,-0.0044085110126772025,0.005045880879178483,0.026526301170924527,0.012452767740844473,0.8792012138998129,1.750524719628834,0.5881838948440433,1.030782266787988,0.04555840250800735
0.007918523544110472,0.0024514634387864946,-0.006605984531463175,0.005845921225509494,0.014354675026486845,0.006647936039107431,1.2810004914710869,1.1758685303691105,1.1648354349746266,2.1637500130462417,0.18027938609187044
0.0004146309503714569,0.00007849378458720403,-0.0025086687767161635,0.004961956059102892,0.026504403454685816,0.0021355093970419525,1.727985409503964,1.3067158216825372,1.1353123767467057,1.9207325207422083,0.11161911271055894
0.0001371119103158694,0.0036530069309426354,-0.0030403834127640224,0.003718135464253181,0.025488215751390354,0.002127040468957061,1.2866017323528618,1.1426316845615971,1.0520945672518787,1.7725264999189847,0.04134947123032599
0.00010566459743062114,0.007736932560375947,0.005315644824810434,0.00945262097810504,0.011533650715867151,0.0034614886090932506,0.9732689426709021,0.640868854012986,0.45789295857160883,2.2899239705530685,0.05204526991199848
0.0001409612395515531,-0.005196803905755469,-0.0004568776678547053,0.005862737861462859,0.03750707745967823,0.014700837954455523,1.0554357464574773,0.8322149519545131,1.1462835653608303,1.4445111429712607,0.40116990115628004
0.0014266277178841102,-0.005140045962598705,0.00291800371771825,0.0053373001622874896,0.008995693661475243,0.007577860201122674,2.1055996743629555,1.7625969147983311,0.8810038726721753,2.2258708067813737,0.04169615122733828
0.00018922701382781404,-0.0017365676962832152,0.007353947742271451,0.010201172952580542,0.006730341357184031,0.013772289483058916,1.585007576142009,1.1788754289824401,0.8708818306508367,1.6212356574362672,0.0403552028435745
0.000193440322672529,-0.007607993088647566,0.0007334768669192826,0.011590953161764927,0.022222255974275306,0.012575493844865181,1.4798558270909807,1.3410380017583314,1.218431451130301,0.9471673629581944,0.3759358113879182
0.0036875960094163917,0.004496161532040225,-0.005810637335207627,0.004701017075308413,0.015086837038919861,0.005064330900668408,1.9565681014081884,1.4769428090707564,0.42397602922603495,1.548859252445808,0.046265510039439565
0.020546767863731382,-0.0010919365265457,-0.005220340864247554,0.006595143191184344,0.03262023789780016,0.013732256536397744,1.5208946370188081,1.5921328072647616,1.1989552049223529,2.2899967436852267,0.663031683378215
0.0001347829531813004,-0.005755782554011694,-0.006584173114472236,0.0040857710886899115,0.021538307042026403,0.013596296381024693,1.916591349340932,1.0767334338402716,1.2026541858621347,1.6924280880544915,0.18419443625512177
0.0019625167454986347,0.0013231344835963404,0.00743046563868445,0.008040892697856806,0.007453834732392952,0.0006445322201647351,2.034450688192582,1.5946364990771702,1.1749431961976167,2.0807175490286824,0.03498382216775723
0.000998233883391988,-0.00793307446126214,-0.006533659211950173,0.001001217979095542,0.016702656981853012,0.010238159219308492,1.9612143802155675,1.4970814369882282,0.8578891240139334,2.1058006310434525,0.04074827784422088
0.00007687493218429629,-0.0010616428995269818,-0.00437489284271674,0.007971494359375502,0.033992667514060465,0.009554884050128795,1.626067805648693,1.4168198615653642,0.6346139507581307,1.6150131765288538,0.12364298125785128
0.005481052176485394,0.01103322691566347,-0.006841762218036433,0.006881710661966592,0.028370057523967613,0.0008468579746248194,1.2208454859619335,1.6748082657121843,0.9481382454787717,1.9410990064555236,0.29068664594360966
0.0019230331559358025,0.008564351030149816,-0.0024880531767454174,0.0006923232164456676,0.014710384499035181,0.01179715541834023,0.8115850713126869,1.6446689197267865,0.7692695420004007,1.9220423622179084,0.0527786166887688
0.0005221688282802848,0.005442654380360661,-0.003864356906978841,0.01124761240224334,0.0360589835149061,0.010990716002462488,0.8576553469087606,1.6006918565087735,1.2629296184888867,1.2038695511897841,0.29708812124510275
0.00008002979352758864,0.006233981702727929,0.0008906814916849975,0.010881550730676119,0.037612219068260844,0.004296677863405763,1.1397119683694135,1.4733817646996354,0.6150033427777039,1.5655577167938155,0.13679978772694404
0.00009521668280217585,0.003606124341453543,0.0022128716667838087,0.008353490661648888,0.016231816334821333,0.013269658533105556,1.129949400297846,0.7614856090469269,0.4834127020062585,1.4763578152525074,0.053551982886308296
0.0011322812634766064,-0.007067117748690725,-0.002887036321562931,0.0062542747214604615,0.03670281064927222,0.013930329823541365,1.8610627724245057,1.4983778889920765,0.42757657099393,1.499207395140862,0.2202002812842729
0.008193471307033616,0.0018623715095413278,0.007119185097685833,0.0066939265544383045,0.02334208904746645,0.014637040798155128,1.1512894545617294,0.64495165153691,0.4794999109888428,1.370015008732702,0.1241722258072615
0.003285613930917339,-0.006508346652992263,-0.002041968029025618,0.0009406098159254421,0.03078801131507368,0.008938307801111343,0.8748166711768657,0.7276119997780427,0.9197748605694998,1.7483118609858617,0.25569373656781225
0.017940516018618027,0.011531156688013383,0.0030364540846781517,0.007483079553428928,0.03714977948865597,0.001377235960056532,1.9597894683409893,1.3536240685418293,1.0027549720772793,1.6030595862704238,0.6633869735297079
0.00042928631764025944,-0.0073338936040782095,0.003460411061884777,0.010862971500614382,0.037878442296433466,0.009094002651896147,1.3139625467072327,0.8890199989554574,1.046443964638594,1.134629342302357,0.4624651028926193
0.00009509512658485987,0.0024514662425384453,0.0026073956875880384,0.011230430161702255,0.017955572971368374,0.013447355619673963,1.1352617361981931,1.2075899397828707,0.896849928667054,2.2017990575322113,0.03343582281211767
0.013549735200995474,0.002476301763409968,-0.002683962617447442,0.0029842660065876494,0.015054240468541008,0.00785474997517539,2.0626402048513266,1.4281444371804042,0.8125441960958179,1.7535636572498106,0.11816895173194403
0.01743671506365248,-0.005816555756716252,0.004948427596800617,0.009177655128948643,0.027018990061496686,0.0024102125162330556,0.8617245371972514,0.6254226498073865,0.5633143987337587,1.0778346951609215,0.392464222218452
0.008924136502806865,0.005357813016938653,0.002035110156735822,0.0020791033914561315,0.011632567684827011,0.014737322570830701,1.0817251627729394,0.9857602452890065,1.1627125499005537,2.0350168329562526,0.04456626940269985
0.00007933926678523863,0.009240435825237479,-0.007463051159678979,0.00472685731051828,0.02455933422462821,0.004820186260216039,2.052830353195308,1.0457254079302947,0.49689702737871533,1.4648554961952176,0.0914923344438318
0.016861920329478135,-0.002279377060775587,-0.006843099611821775,0.008237906066648435,0.03329658877261955,0.0005811549936323312,1.3516954996259534,1.3270447085919639,1.1012618834699275,2.2528404392792174,0.6483674581471619
0.002630193850882144,0.00175238532669219,-0.004632947482206294,0.005139318976294954,0.006402357375040548,0.01125634300228105,1.9716747266896772,1.571980310514754,1.356411679132698,2.2868508709278363,0.04297758753866501
0.0024871619987733395,0.0005746749143788659,0.007913755155977977,0.004149788660763016,0.0008443766048819778,0.009998297247996838,1.4051474555112722,0.7031263412843632,0.7347403110461462,2.1988739883687085,0.05741541432516096
0.0028587157184830183,-0.005398860288059508,-0.000016863776410399823,0.004152797750011512,0.012816987480060016,0.004911482567821881,1.9784484274139795,0.8892065897123145,0.7860859972572657,2.207275591880615,0.042580113180584384
0.0018991438562332217,-0.00021015260155891457,-0.004743456606671526,0.004951768930971087,0.018429655272125995,0.008093196636897502,1.4390040545071796,1.4547143286944728,0.5360418256056926,1.6233881694981023,0.03256745770734686
0.0008970786579344785,0.007766531554248538,-0.0068677549814357445,0.009242485953149025,0.03778651525301432,0.014338753619216047,2.1542369364343794,1.0008416962605409,0.955539413376832,0.9486832164123975,0.28196365126882966
0.00012663107402515034,0.009304028442837049,0.004346095896048496,0.007191604779082636,0.024377686896752595,0.008833080237409106,1.0234072116932276,0.7850632840071594,1.3374755747300606,0.8741147205715116,0.03318850085703072
0.0026591906445630905,0.01154564618455064,0.006805452135550208,0.0117381387586349,0.035987441639845075,0.0013417279561907791,2.10161550525782,0.815770032234414,1.2378961136089988,1.77603383366317,0.32778852632579936
0.002251116703235745,0.0013153028200099052,-0.007472954725380483,0.007201901794342305,0.019913173177107665,0.011516338091111288,1.4289046676176487,1.635503423956406,1.2750224513470914,1.4682029903643254,0.18926167307946695
0.02573579756272415,0.00991909259599386,-0.0016117601210268297,0.0044186220758184154,0.032642722569822945,0.013529248873595844,1.1962998790999657,1.3991033635738073,1.019605889078039,1.9191497297947644,0.5908393161618719
0.00007964629745616212,0.008162702774131414,-0.006929295313024216,0.010434210645026334,0.003992741639043969,0.0012906124815089347,1.7058370996731966,0.8075716391757922,1.0635898974917963,1.2291709379036955,0.05567537500637609
0.0009337000548255659,-0.0036617869987578384,0.0045360745928903975,0.00083695626018317,0.0205751810965047,0.008736280610171676,1.0365403993377191,0.6011722184780933,0.9666101487685801,1.9928868165640126,0.052775571887205386
0.0008738455875945673,-0.0008062567682122452,-0.0014723645280625064,0.002464773109157674,0.031363610337792044,0.002316329639211765,1.79539893083133,1.3451338517947822,0.49333634808611093,1.5973528939918684,0.04187123991999093
0.00019569373010737762,0.010618408892910816,0.0021345801669669555,0.008088830635326682,0.01041327282560963,0.01334157226107852,1.0024551924016898,1.1984364791880266,0.5434919908703378,1.9138621997434515,0.05038304873770168
0.0007328239584479006,0.0030295321193542506,0.003194246591019471,0.005594810816050287,0.015033519235928399,0.01285926602089484,1.8609485443616958,1.622960494451554,1.3340323048581046,1.7946027006843586,0.03257772011041286
0.0005206339098724001,0.005316163230730482,-0.0003080778178675132,0.0009479716378763978,0.03047363417491675,0.0060537774831879165,1.2988240834859548,1.3921985697486154,0.4503747407819053,0.9155571063106009,0.0494046575597918
0.0002996253405113347,-0.007758367315168206,0.0053440637913163835,0.007110772924193417,0.02464176622151494,0.014427830891504302,0.9364893036430668,1.5754275877846031,1.0450813683491413,1.1843668691461677,0.2957857422935464
0.0002235772419585285,0.002277195949539588,-0.007857303745295436,0.008847738580450135,0.0027149010626160396,0.0074603977514621275,2.119270732016379,0.6013962082408371,1.2374099823026272,0.9318346248448457,0.05305418416883214
0.00006892669092359469,0.0020923283664310405,-0.005856056243680623,0.004176011583488684,0.004579007151023831,0.00896431447726439,1.7096251901022317,1.6667042840594342,0.5444753216058914,2.30631473953964,0.05945295340946627
0.0018584106784564445,0.008324316708721587,-0.0037631136445034877,0.009862565728437852,0.015106500311882414,0.011768179760882978,1.5606161270787935,1.358473469035737,1.1220894554755585,1.8786652895470262,0.04621472284545746
0.0018409985260945496,0.004903272211054793,0.006489469741783321,0.009532384202516505,0.000900467382253618,0.0075779742929333324,1.0337877872490273,1.3965818032081745,1.2715622287182882,1.7700566901526815,0.051833233408736044
0.007727657041211244,0.0013813350363447423,-0.007057600938164441,0.0018023108457850014,0.006340338792369131,0.0006294309659620645,1.1571841667742255,1.5671780953975405,1.1611727059143866,1.1445831207502934,0.04345647124136517
0.009502623945214003,0.010911944497582739,0.004332743252914906,0.0018641417167745394,0.0346242752413994,0.0007904075254037457,1.468878936519903,1.45623823839267,1.25176014471376,1.7392365411547714,0.4688313287266482
0.00009801199954675016,0.001960631737243224,-0.0028815592193774577,0.009729840639215157,0.0010132022704535172,0.005162329742548028,1.5047836356285769,1.440890071499741,0.634961110505942,1.329404418227788,0.05925753059270468
0.002612908492901054,0.004912372267009187,0.0018700017569738422,0.004368757293170718,0.03971762499734993,0.006301428291327602,1.5274371291739735,1.1037454619871419,0.5857191499803321,2.2180689494624035,0.16473542570469887
0.008646473950908496,-0.003476682236869834,0.007783966092230117,0.004273732645543656,0.0028931001199035667,0.01187956852799686,1.683263571721465,1.1313622465604225,1.3731003494809009,1.8913811949772577,0.04257584130917248
0.0009683683040545881,0.010639964906680842,0.0016213259608401174,0.003834585802147277,0.0030814526694496005,0.008916083847690624,2.0987350274376504,1.2840585216267846,0.7411190968482627,1.0190805126379356,0.05919531195269623
0.00015858337432517026,0.01056353210241879,-0.006548840801091324,0.0018272248353057411,0.015974676562334606,0.007084525900462597,0.8286045562681457,0.9343562051936848,1.289117572430271,1.5677078843835965,0.0549669626677692
0.025020332506865934,0.011425807350375797,-0.003354474654397311,0.0018678704953988712,0.015059472516031668,0.011445206513049233,1.9759366705744579,1.0408063951629094,0.7071672394014871,2.1390390915157256,0.11519970103607788
0.016747498216386155,0.004974629997966418,-0.0005513569153929509,0.008102639506417115,0.03135617924664557,0.010394806811842582,1.3113599847131103,0.7889266547458049,0.716872956930472,1.35599150716555,0.46842091190219104
0.005848860583967032,0.009560096402939007,0.00010965041666942454,0.00746754481791688,0.000055605556165261306,0.003634775840906029,1.4714590649408414,0.9514481443909146,0.6785328256256388,1.699460887638215,0.0510925118946938
0.00009826519769975463,-0.00781263063745491,-0.0011511988483506564,0.002893279792763515,0.02979599306710072,0.009793429271322252,1.353162464111247,0.800150477184774,1.3111238839935284,1.5969811654959838,0.36230258185560305
0.03143901683551048,-0.0006484455597870982,0.007117462175883884,0.0042624428779799205,0.024735728086729518,0.0013779117731759982,1.670588120148735,1.434839568248374,0.6927960251679163,1.3311849570627394,0.4643563043081527
0.00015257874913623268,-0.0020772508138785345,-0.0021337590295165436,0.002281593938041893,0.012461040357780178,0.002213909693142777,1.1347152438776684,0.6119602688547996,0.8283308846499063,1.641895754007832,0.0558576802469042
0.00019435738847511775,0.007149737523966493,-0.0028315576130037955,0.003431442173212548,0.024153569577451118,0.010518155932841866,1.4132579943834314,1.5453404227671972,0.9908639177923333,1.7942231009465532,0.03639447812350577
0.000639517527668265,0.00866666389406572,0.00026648921454460606,0.00004567841359781255,0.0247903400391413,0.014434806667659512,2.0485559814479344,1.498352184255051,1.0060867792228587,0.9267211247109849,0.04077478029325333
0.006358988837746391,0.007291604388255955,-0.000974926932881047,0.007950011864687127,0.0023133968686202522,0.00912156621297182,1.7894568002211575,1.3818284706759087,0.7834931997760813,1.1768016868756068,0.04141243848817478
0.00013263980230956786,-0.005169352208801181,0.00723031694615267,0.0032032483795520223,0.005356071984843682,0.013009178315391301,1.9698117307375294,1.662782840099317,0.42854453458269115,1.0811983829801022,0.05767846565092847
0.0018515273789310083,-0.007674579914100239,0.004161610982115125,0.000524454859061537,0.01962550989919974,0.003737901435363282,0.9790318895267575,0.656238138182526,0.7385454178077427,1.5424454924841235,0.04635794180758515
0.006742908143302619,-0.004059220663771164,0.003560708206578372,0.007481648865344323,0.015313651225284605,0.006412265725696323,1.7309419911150021,0.9673602399764941,0.771902779353354,1.6942774988819465,0.1626823652441088
0.0021705260032168685,-0.0035167173610474453,-0.007529895668297936,0.009179185300264453,0.031434018765206025,0.011122054845220053,1.0483106642891231,1.1737452851028711,0.85104101948267,1.0560788172092046,0.32941624759539095
0.007666210281638925,-0.0070131347828491395,-0.004722452770416542,0.0010530987642431945,0.03401311955651168,0.012309222786069746,1.691873293073724,1.5176945670839632,0.7318564960344557,1.2114923746857333,0.3519352350716529
0.0001122266653702502,-0.0027190211738628385,-0.0024564034241178023,0.010789770513801748,0.0059689760991179595,0.008223793811594134,1.846350320304142,1.4671230083201388,1.175233219239417,1.4242994069251371,0.04383115943039353
0.0063267676355342785,-0.0032017824493556788,0.002138226140389346,0.0028533802681373725,0.037043063129785364,0.0032582166790950137,1.2708307472027798,1.678160709184875,1.06525538713385,2.3546414622795067,0.5352693260598679
0.002939502771459657,0.0021142963772659744,-0.0001790647703403785,0.0012701829053679435,0.005031908956594222,0.006177881447296561,1.7337098338878367,1.238808358744286,1.284565795720627,1.3101110323417828,0.056575301498589206
0.0003451448600082591,-0.000035072367159895815,0.006767659948964358,0.004686673605509055,0.03175528873597378,0.007544898292095376,1.6149987144246793,0.8802529102492973,0.5150602806972752,1.2297311856294635,0.03478663790894561
0.0007501933995635547,-0.0032610563916027476,-0.004780486844046738,0.009543653656114327,0.03731328062007903,0.004399433643922126,1.9823404545806296,1.5880970976804076,1.109332632080433,1.0603022190677176,0.44553778827093754
0.006067727110351781,-0.0034827008632579144,0.005140428460633519,0.005800321657859807,0.002592701172067988,0.010351723049186719,0.962376130873218,0.7613569379342319,0.4494604067751159,2.165921967510759,0.04562247863023729
0.0007814663317742052,-0.004477651345305793,-0.0013522116865068803,0.008153539711583151,0.02621175662318751,0.009472923614951872,0.8658561569733664,0.6685404260870427,0.9699986108728347,1.0555336867506242,0.2854268219884975
0.011041524922564055,0.009712063705218694,0.005554779619157121,0.0037146670862876503,0.008902179039566952,0.005116217418978231,1.2974480394578503,1.1974209433712752,0.8509651354299764,1.0524207471397113,0.03571247124662251
0.006455445104586345,-0.006448989699068537,-0.002889981925151858,0.0037397750999567138,0.030245724822430386,0.0011172497909022227,1.1864669183462955,0.7615434460817827,1.0169254660204807,1.3941085565846918,0.3782069270360974
0.0002585687818114069,0.00994007508294328,0.0027692116267445037,0.0024199472191500666,0.0206156721964825,0.00983110786429299,1.3846920198262735,1.2582654781479012,1.2773481668654494,1.154733876601497,0.04597605735114045
0.00024489630053449034,0.008598908981523289,0.0016845118719742444,0.007417690440501316,0.02897772827771755,0.012360991366116073,1.6847919667888043,1.660304116550662,1.0063667687533229,1.1138435298455256,0.10753131254547739
0.0019059011478234922,0.006582941002424401,-0.0009444693924455124,0.0008568878925501809,0.011952797576234655,0.0015609008330431185,1.700831289649387,0.7100217555299485,0.5766719419487517,0.9584806628651691,0.05821405723812308
0.0013841430617089127,-0.003295610485165838,-0.001326016055825189,0.004694942070003095,0.02317348613884203,0.006696454568314285,1.7652443259004862,1.6558779180981906,0.7414090284980924,1.9994126130586962,0.10497637189001446
0.0007516169897003431,0.008374861820921538,0.003854062673038982,0.006176279926506297,0.019022175058063136,0.007082410238239275,1.7412126707259763,1.1176949369413565,1.3280777599163711,0.9961083265048768,0.02975945406696078
0.0028871217077471433,0.005197577558929283,0.00792235094969628,0.009812352436641544,0.03608288378471579,0.010828332420025576,0.8251953881666281,1.5382724107514663,0.8468161717911497,1.5773987508470815,0.3736331208110919
0.030128062643895327,-0.006765274501951743,0.007668465101812881,0.01063024137715708,0.03847561173475497,0.013534810448529291,0.8530975237784018,0.8751985903891388,1.0810918643134404,2.354593572480257,0.6971737053803668
0.00042196463454899276,-0.00014900745837048213,-0.0022139040955010784,0.00044097606481706376,0.032492990471914195,0.0001050836569064173,2.091847670101067,0.6563517382547321,0.9625539698699839,1.0051449053649193,0.07897900478793615
0.00010125681359400695,-0.0034988533928301388,0.002381179422907547,0.0013979113193986904,0.02135207240678307,0.013439762889740718,1.2953036482149531,1.3101852902082645,1.3558697640063644,2.2664716706708767,0.14975257854897162
0.030468268727832683,0.0074253771795169034,-0.0010248417775508365,0.0053668794699692594,0.013461516962691152,0.0009817223243303707,1.7435955145206992,1.4401801373985426,1.1908476445382157,0.8599236219384448,0.36121382787096745
0.0021451296985335222,0.006675282878957341,0.004740857550408062,0.001406696082115089,0.0005522733138544567,0.006731324424856744,1.640635370300149,0.8457369101103928,1.2900598307093274,1.6133862869077642,0.0602998694702632
0.01603451918259194,0.011831755890604779,0.005105209409416926,0.004619408663211854,0.03974117419204375,0.008338871529715007,2.095623470187486,1.094995924721566,1.1438360463808595,1.6886015906374239,0.6221191264062043
0.0024047867347567627,0.003974327921710835,0.006119617021568228,0.009747856137745247,0.03949907981372638,0.002325082116882621,0.8062958810439687,0.8860949809211256,0.9879248612005778,1.1360086278106458,0.29522358214327105
0.02582894315740328,0.008263996376738476,-0.003330584631599308,0.00873623945664867,0.036038847058019456,0.0031597097599655854,1.634297426046338,1.554317527231088,1.3195784469757852,0.8869212981686584,0.7265209385117363
0.0001564325974119332,-0.004841135868105761,0.007047888851015796,0.003469863162422093,0.027762124422467255,0.0013582861623387553,1.0214665751636962,1.4570945025148359,1.15260467132518,1.6786220413184316,0.22665447570587438
0.0017847212247422328,0.008273428343177684,-0.006685582481426824,0.0014426476155095483,0.03182087720005537,0.00242678732706071,1.8611181780088342,0.8157374255771301,0.5408621730036344,0.8553027404072879,0.09699671625084995
0.006744234278928022,-0.0032326181072362134,-0.0017744351598975926,0.0007838365804339622,0.01796537298491539,0.005285667258827312,0.800111290003342,0.7219789148434662,1.1921301170537542,1.7906707165514568,0.1620521031229821
0.0002712039750088111,0.009963761628567717,-0.0002330353428000258,0.005860766214377577,0.00972639828711566,0.004385214649213726,1.5173750810291362,0.6389858483961101,0.8939351078700531,2.052620921861929,0.05512123661794584
0.001177814908410501,-0.0051398481867511924,0.0030144453480385885,0.008554275386349999,0.024620691549950804,0.0002969195770954447,1.5555768732668875,0.6226234876686498,0.5548556782632091,2.278794004655276,0.13506344328298914
0.011440370582123641,0.01035908640866697,0.0004235548292272036,0.004280584914229566,0.0022190843715889663,0.014820867739590798,1.7561804083496848,1.5779547535137768,1.1493852903766113,1.3924726227679656,0.04451602659038175
0.0008554202855404208,0.009485779725626349,0.0036893601704134724,0.0025400895656394413,0.0010867092748448838,0.006346228834927224,1.2164379831286345,0.6760999474606079,0.7247478460522049,0.9428212576184034,0.060443484227546404
0.0002543440444064861,0.007335609964945003,-0.00415273980071294,0.00574430429472151,0.02998613993230724,0.006571298656864928,1.5841836642019567,1.718422356037053,1.330988222091124,1.4291921268356613,0.11883021657886636
0.0006885121100947643,0.006178169470236033,0.0025540653015877234,0.0034238989167705374,0.013363124372882016,0.012850773491895923,1.263817536434709,0.9368618630199237,0.8439144306010024,1.549758301995715,0.05644243661301452
0.023765397354492578,0.001554497886704776,-0.006899215199523013,0.011032889978131316,0.019444738761155957,0.011868115815115416,1.2439719407708563,1.7497341527929666,0.9722540301227991,1.2932783946912292,0.5777707439733847
0.013212788307674318,0.01121087810177827,-0.005069427309402201,0.007691892660455585,0.021594963706101745,0.014587237736662977,1.6192190506904742,1.6075482593444093,1.1351634524689922,0.9047979290603927,0.44395838968873375
0.0001676303773455596,-0.002968902075234407,-0.000058486102468272354,0.0073855675469474,0.023778063896652952,0.0006711646085105183,1.2004256930766461,1.761837549885984,0.8411085919921456,0.8113471810566243,0.15009923967640684
0.00007158440103393063,0.001265461680574183,0.002643604548891112,0.002823439704638739,0.011579686677482898,0.007643326160901105,1.1378458824566542,1.2290411319729273,1.3271157266174347,0.8016381485361553,0.05763817882700379
0.003232100763417423,0.0038266867033279377,0.00022771255179353388,0.0035578610860926892,0.0005120873963148753,0.002044046764955886,1.9314950868535186,1.6967015224593605,0.9899046891980856,1.1731807776992682,0.05834406526887166
0.015230603381029975,-0.00792409806043881,-0.00515348719090122,0.009097054098651514,0.006325778185607849,0.011070991794777371,1.1816105020764802,0.6957054135297963,0.5367332059963194,1.429199612419066,0.1275859973697769
0.00019906215468985363,0.001657078511042201,-0.0031315817309843937,0.0074319853290911305,0.034606890316647376,0.006489209407349289,1.7656346222377466,1.1930496679727154,1.0671628743143482,2.2451986966853785,0.15513288106131728
0.0005757091762112536,0.010552640596030297,-0.007612220805255436,0.010396827197456594,0.015332477792366905,0.009147198736865909,1.2262969718365706,1.7278192199969928,0.5852243038552362,1.6183527485700384,0.050485758377578745
0.0006921426965467102,-0.005543291646877593,-0.00697370858484155,0.005306057936475683,0.025507079400928997,0.011865526183362975,1.9891987016803017,1.5181568811126827,0.5306837555223342,1.5985640401328385,0.07457788416638968
0.01377367608515245,0.003575386549906184,-0.006085082583163225,0.0028886048936997686,0.03136220355676635,0.005335203717636795,1.2240854946080801,0.9775437828379538,0.5222619791636006,1.0787429633127594,0.2283598216952804
0.0004777580985943155,-0.0035500308032980605,0.007101533658496323,0.009557788669467108,0.028120447110824173,0.014063071953933717,2.1788094478306808,0.7370379409010034,0.669887338396877,2.052611286984719,0.16504456117940283
0.0023176979871819352,0.002528689717307813,-0.000036226792924171745,0.01054535027497913,0.028855942184784295,0.009678506787527554,1.454500342247839,1.0219940708795068,0.6925967118429631,0.9420228542972392,0.22233249029295654
0.02809914049315692,0.0029300347106643028,-0.005251583994146902,0.003629837213501945,0.024268128071396368,0.014178721509081218,1.059200980334503,1.611313893629643,0.6165174165910302,1.0286057805183908,0.3838365269557424
0.00040306664944959875,0.004518349627921928,-0.003184740273253297,0.010675835233555819,0.010984263747131831,0.00557346735367355,1.2237245637918084,1.6923954638398007,0.7905105792605652,2.3370810228535186,0.04604949106879968
0.02967724875043497,0.01045227129662617,-0.0006486424953695504,0.006245483575566575,0.006608817379603043,0.006599522540727077,1.600822405284416,1.6949664393509427,1.2781055282487614,0.9632783213439954,0.2016486348867281
0.00009581873728077369,0.005739736869607113,-0.006169569936814597,0.004610278586907763,0.036586722869510105,0.004895028754874579,1.5235290269545778,0.6740014431335305,0.9518798304335023,1.7017151020386818,0.0943990155787738
0.0034853884799478886,-0.003874433155860541,0.007824171554641605,0.003191234090729296,0.011755022065659216,0.010572893389614967,0.8709553487237687,1.6039160334544857,1.3120974967634427,1.4353811080597663,0.07229219269955729
0.000296195308481555,0.006782398181653837,0.006723110281145498,0.009451125176730024,0.006606006593691607,0.006821022625685956,1.5794265051800105,1.4518942686766354,1.1716050432759118,1.2100234309995634,0.050238601161546964
0.0004773118518742948,-0.004158242543779471,0.0024846703334079016,0.0032157595378997047,0.0372383933148071,0.011783177939679701,1.8209334470089593,1.3294956170485261,0.6895990739229508,1.3409650071590367,0.1944624403081526
0.00007878431898124688,0.0016182619307892913,0.0027667696897374547,0.0007214148045649438,0.00046001532978106496,0.009716214399912255,1.8121063312194579,1.3768894144729584,0.6287345881377605,2.3612407744650565,0.061403062820725336
0.0004164085471727104,0.008755048272477976,-0.00035112932147557884,0.001638136381095916,0.03587863375751937,0.0027657479449883925,0.863372816663477,1.0358360595536857,1.23447643435114,1.2924348187735268,0.03271123738136786
0.0000632088713231215,0.007179051756607631,0.0006521945972366439,0.010704162590765282,0.007611528236870058,0.0012374316171705445,2.136319325335746,0.8385556003356565,1.0393230425014612,2.110943248756293,0.0519608642339439
0.012914420270087877,-0.005486591396225956,-0.000057064131045603264,0.008358882154862884,0.037023609555669926,0.008528238465869394,1.7096228928848172,0.8724166277835522,1.1457928749094857,1.3094313261307824,0.6170560415542362
0.0022502201906960105,0.002471800573536356,-0.0000822162412851597,0.006142521524494129,0.014715429734459962,0.010299261327374914,1.6507350044772018,0.9375616790752338,0.4873144824999335,0.9669527159062696,0.04119009380194464
0.003927999749159384,0.00828624091496422,-0.0023861760486955106,0.0054460453454321794,0.02718896010762886,0.011281957271902007,1.0660891091883633,0.8620331328579846,0.8938278213034584,2.0677800438543104,0.10281765995986118
0.013594762089656345,-0.007358282305605661,0.0031204882610037536,0.0075337989575091305,0.00423310437322348,0.009277255412596982,1.2403304524853023,1.642493753610006,1.1776408650423627,0.8255765237708688,0.10377632669378914
0.00006766581106186908,0.009256739134636647,-0.0019261358850859126,0.008337413638596657,0.027688966944847283,0.01357397410706849,1.7283267825353819,1.5417926078641415,0.8569427745868431,1.8418671376776952,0.10151145272209011
0.0008572636409346309,-0.005238196645334445,-0.0016349158694901043,0.010813744429552654,0.009777170723232018,0.00892932907376123,1.4011351667797352,0.6256144060233851,0.8199265219119739,1.9298128523824132,0.0819192783837309
0.0014727072862842413,0.005807447357791678,0.0012862486404197108,0.002059657196404471,0.012835011508048897,0.009564313478766844,0.901746073933749,1.2873775406290824,0.8811863226226028,1.9777356804278252,0.05545556921144771
0.0018418986541817923,0.011689049174050059,0.0035800225668434537,0.011057361032725527,0.02256205637033592,0.004800938023225045,1.7272377211282846,1.1514509962041437,1.3126250893483322,2.0629672193077186,0.12940608576143717
0.007923809637216787,0.000757322581917899,-0.0033809495031725803,0.010820660216179329,0.02411195965377905,0.002578050396459165,1.676137200697012,1.5522060071473143,0.5925979737287056,2.106170844482977,0.42204895549913457
0.0071531665529816196,0.007978345185439427,0.0004962289118250922,0.006821154210747744,0.013764711389247283,0.011157985455845999,1.698055640192721,1.0650376682595357,1.2803372161242885,1.598190166453546,0.1571352428750952
0.0170380869712176,0.010037020769346653,-0.00748108893755094,0.009878391340854473,0.0007915506440577946,0.0012068053707623304,1.9250030965686313,1.5295126573804052,1.0003376566291284,1.6832455949866727,0.07936154280041148
0.0001261202352269927,0.008914406659544757,0.0001025395870032213,0.004607840338639578,0.002042088733030658,0.0014703484980347049,1.7784588007266329,1.1906543725629943,0.7086360644071458,1.349927829936941,0.0600505491892191
0.0000873355050884976,0.0049125643639772835,-0.00016737248525206994,0.0031519504409410334,0.0003492101747930487,0.0051245263039288065,1.7752844650272563,1.212662232229872,0.5591747122100378,0.9628133761909539,0.06109578810234156
0.0009615125172299545,0.0017668360904189511,0.006415628611209652,0.004742781959058076,0.009434400726676024,0.00005803077049787997,1.9277029846732858,1.2834641830482472,0.830625546759529,1.0607126147338943,0.05274817193123231
0.015433990890047478,0.009782881909333574,-0.00029527910665246536,0.008350451519898995,0.023085127603567745,0.0026583507590243628,0.8029703759533494,1.53629258827494,0.46223718336011654,1.6537509360207785,0.352604849292738
0.0019183724575810425,0.00006649283515417093,-0.0011962362757455907,0.01102644914334167,0.030109777392420486,0.002357367004657315,1.9681810680925456,1.2369357491847495,1.0810069024813895,1.6278253994153442,0.4227216902448941
0.0000652586034680108,0.0039125441771927635,-0.001481191925350096,0.007083919816193875,0.0003834798072132717,0.014037573267648944,1.2427024843566297,0.7285040596846506,0.6999313731307916,1.8525824030297287,0.06045443286212014
0.0006689062904585324,-0.0005907708260211937,-0.000582144624251896,0.00333928182934441,0.030977147791563322,0.009663220831262738,1.522598437339134,0.8207146169256578,0.5086264531478838,0.9277823786749235,0.03569754483970594
0.0003058475567701126,0.008579933071749413,-0.004283995444636492,0.0012053612392072851,0.03147698517934311,0.004476369366690117,1.4484752561896808,1.4446061552098477,0.5586221558496348,1.2504418964663997,0.05024652174371113
0.0007559598953046498,0.004950613745007589,0.0070659513535468186,0.011412514214860232,0.018501895545070157,0.004349081595335525,1.8286813535440865,1.6197549602754806,0.9049493588163018,1.3373172210808058,0.07933748017467156
0.014574714188199587,-0.0033781447015478047,0.0029760711119382324,0.003935127865379263,0.031245221626466393,0.013836422917882013,0.9864231702022339,1.5505679759587538,1.3233013636346889,1.5206449556685933,0.5779853015835735
0.007379459924446607,-0.0046726672571815375,0.007573931910593395,0.0015500101884952874,0.016505736124689686,0.001660921351864033,0.8074229801361873,1.3561312117572788,0.6013292996702319,0.8007983301950674,0.04945783198104774
0.02924320843341592,0.0077253558643645874,0.007303125673437172,0.00437941990515798,0.013058520149379095,0.003952207504445161,2.1637142086058483,1.1422511985627675,0.8416177338524952,1.5995157124917345,0.2205074263706918
0.0016016836095518521,0.0027033588652512403,0.007141630244432598,0.0017390655430897094,0.003228258479896713,0.006896156096636253,1.3561275519055698,1.6709657582498438,0.8781276600961024,1.519605741724171,0.059300849061127064
0.0019602960218597716,0.010959716357183326,-0.007136207559369655,0.010629518011412518,0.003959038029868571,0.0020332861511265163,1.5865625784949073,1.1451043929991738,0.5811470455164934,1.9556264036343116,0.052043482479923055
0.0017619325827970763,0.001180648921835517,-0.00009407333889923209,0.008348408069450588,0.006689951752768275,0.005956430852207055,1.8329121055622117,0.9839587439910187,0.9004991576162045,2.049390816559147,0.04250791778179917
0.001529134334361514,-0.0011024865373325296,-0.002857096106733685,0.005358300318363545,0.03038361453473489,0.004427752723514963,1.6573629791516702,1.0569291929815539,1.1408339068455056,1.7497802352709673,0.3130320807404581
0.0003162839860562859,0.007141147945396432,-0.00243610979788436,0.009801561007859998,0.004488520362991944,0.003823345075991543,1.6110676126958678,0.9943609431956565,0.9579785183986411,2.370761041674706,0.05543917027110017
0.015097859074976927,0.010294633217563177,-0.00429345708434305,0.010515520251264307,0.03994724848849685,0.004801604726060517,1.9468142210616746,1.228604130413064,0.5784760289962253,2.245684948487713,0.6221638387189231
0.00013627588568043456,0.0012877165524528182,0.007224626110672474,0.0008276769982938151,0.03588110028998191,0.006767617185332794,0.9047832178909732,1.1344939942434022,1.1811753932575055,1.3098588678117609,0.1555688854608229
0.00017152357377186873,0.0016615969290590886,0.000016160826076397683,0.009973224459739527,0.029174760133507602,0.00164846288708551,1.4055715536097952,1.1441557698586002,0.6796319128590279,1.699938655523863,0.044279077980590144
0.00015813698648383076,0.009751429123613974,0.00016489692456927684,0.007251513706959749,0.013745498854650063,0.002722899729975483,1.3099417753541227,0.9448880861600504,0.5841625104285543,2.068197294954831,0.051112201787486974
0.000142427290901204,0.003020322441278112,-0.0012993102055034278,0.009769373735714884,0.02436589000700711,0.005612049272430777,1.9537028743757199,1.1713948772626022,0.5068439671792385,2.010142183750762,0.06682759740531956
0.001162252898560064,0.00934893365869827,0.004437703246467421,0.007331282920075121,0.01735003628121567,0.0033207840019182865,1.047419028037689,1.2911474848721127,0.6426535651966548,1.4636290636189855,0.04527136689157546
0.0003406887248183135,0.0016537359352072018,-0.004736861670287858,0.006196925254291168,0.018981213520142672,0.007645445968755242,1.6289571098020639,1.4772808455279824,0.6779157166356281,1.0584581319285928,0.039765363411114536
0.005527508246613639,0.008645124771016989,-0.007497528319825325,0.008652807157805245,0.016306717864575333,0.014405691833319927,1.4585181184801415,1.5359007872934634,0.5299982044885939,1.8111597593347237,0.10719124361271472
0.011093696228286355,-0.002745279798863926,0.003991790074107492,0.0014063895814194387,0.010281160898214665,0.012771829654727028,1.9589016619480548,0.7103676339482613,0.6509352364166717,1.2067236838765862,0.03910123455793624
0.0002818446977950941,0.00663310030910741,-0.0025133094264885862,0.006862434192504511,0.03816010723542869,0.008632130894395025,1.1942981718092143,1.131371076992443,1.1474280535031491,1.093534679574547,0.14921641019368542
0.006997496157839608,0.007563838623818982,-0.0002327503997868803,0.00548248488671452,0.023893460936659547,0.007275866298147635,2.1479876120873342,1.2382534547350925,0.5516959444797761,1.9067083204259443,0.1785189655238237
0.0007102006187303602,0.006981307461824996,0.0030526936251322246,0.011859319884286951,0.03546399136750326,0.003104038476092976,1.125133168754166,1.7200776139780156,0.4166563119763812,1.1374963763857089,0.2370013332034866
0.002272143516982527,0.00175568686287414,0.00727845393950226,0.001309530861098801,0.00672865368096141,0.0118596278027764,2.157740980358834,0.6928814876098645,1.3274287407771903,0.811293431322234,0.05537022465889494
0.0007248608827130488,-0.003288773677238492,0.0035682907950552725,0.0023116417791168714,0.03279719799637898,0.0027951824056647845,1.229381215950254,0.7258435630456866,1.2225540338855898,1.1548449674330936,0.3208232925579533
0.0002360716657317534,0.003450983845278473,0.006301983836605011,0.00408032673655796,0.03271375123235113,0.0030022439385606337,1.44507900378844,1.0973195487043228,0.9047801577637968,1.7424140102678627,0.05779269794692648
0.0017740851761393354,0.008527229368485106,0.0021017832563594895,0.006732142219301687,0.031950759696857005,0.013532121397290691,0.9818085902463164,1.2103509192392736,1.1252302759236628,1.3753003964005253,0.16803045041282338
0.00017133990852952278,-0.0005992785428662302,-0.004384288647947081,0.010579789127485932,0.0162532027719476,0.011773710818030051,1.6942576004328371,1.6394048617845707,0.7946857143389204,1.0763573910129547,0.04936654740574236
0.00008128948629161163,0.0013528047003706495,0.0009295955708547616,0.004919343024039075,0.02462537211224875,0.01056161062061156,1.8769668571177316,0.674324473714608,0.7890083241190958,1.9165693082231317,0.05267834805940891
0.018044723095181816,0.0006576521442002364,0.0015580094404607045,0.010843112796419379,0.03383950700152703,0.0010838794097628379,1.0212062020294699,1.3769952268280674,0.6134882608120232,1.204858093904355,0.6089959239842757
0.007075955878021648,-0.007002636800953528,0.0031369970733903293,0.009591913149984524,0.013312347172101582,0.004064803507258914,1.5175221912820833,0.9702535270016446,0.6219415240749139,1.7708634059509356,0.1730988417897347
0.00008748347268434718,0.0036564286447281296,-0.0019501706430053787,0.010150468321206725,0.016892995186873875,0.006753100074935484,1.990110743847767,0.6981024142630093,0.8443101122349085,1.4167619658936856,0.05347158301536507
0.00008229234581424882,0.011616429895117818,0.004282399191087865,0.006964380278230386,0.03826701461825648,0.0047761076275427885,0.8709358153728888,1.741124218212293,0.6341854137495232,1.6055176941095535,0.192759523183428
0.004190904134350327,0.009100344549753475,-0.0042120877112829976,0.00216630099468498,0.015993255425864942,0.011722885229939865,0.8343610065245186,1.7526446816392467,1.0638347665067964,1.6444835447002148,0.03511888911019889
