"InitialLatitudeGradient","InitialLongitudeGradient","SelectionBase","SelectionDairying","Migration","SelectionMultiplierBritishIsles","SelectionMultiplierRhineDanube","SelectionMultiplierMediterranean","SelectionMultiplierBaltic","InitialFrequency","Distance","Weight"
0.0006874443405294681,-0.007670697613405003,0.011323883334093251,0.0031828345312117667,0.014777351389296211,1.291164165692231,0.7591828176152845,1.2711303918773222,1.409275945683834,0.0008848997378899909,0.03791617705277059,0.003393849476836268
-0.002437549629364138,-0.0019210774119858822,0.0005046742877743383,0.010316260515146926,0.0027800277477966614,1.3772504174689013,1.3166984858457802,0.6053784224548823,1.3450680410061335,0.013811724344330246,0.035273823454277445,0.0882259858187148
0.011428831484151691,-0.005069449071489148,0.01045530042251828,0.014219209037146133,0.01491156676278058,0.8838398537674879,0.6985252451553147,1.2744105449408385,1.3429240054951856,0.0006568115872700502,0.04315315564942297,0.0006736407097217319
-0.007900701980556613,0.0015602479333079872,0.006716449003018545,0.004731714062560974,0.0019148519660706037,2.1089728502782443,1.7634054387861497,1.3908886484969742,2.383740618076389,0.00007845744537571427,0.04304409921431041,0.000020887619910833066
0.001133153705382875,0.006254449976833391,0.012326983142481797,0.004070483781759259,0.0015368664223203738,0.8214147290888874,1.049890969555979,1.3957803983312638,2.3433924985228023,0.00008193493903910681,0.04075698760758604,0.00007285916066316404
-0.005964373566856458,-0.007753192979706433,0.007927710219368504,0.006357863595335101,0.014172137527312641,1.3237847241140153,1.7472001918856925,0.7718889571011511,1.6883090683700561,0.0012147583871283153,0.03692986374727429,0.007745443349732026
0.0014960583916095727,0.004749052638047301,0.0007118346106201369,0.0044215257325704,0.01208563941203653,1.3422970708157174,1.6834125585275181,0.567166455507276,2.3947240133795047,0.028087584669341296,0.040029270973289566,0.0005954145762223508
0.0110354616334454,-0.007574069422380767,0.0011499098919621354,0.008509981071089657,0.014755294354713268,2.0317129071921403,1.790212458731515,1.3725807835320871,1.0967136442434062,0.0048627830918596725,0.04108745019260799,0.0000244576094728886
-0.000059170170527284016,0.0006213851435222031,0.0021290065802865125,0.00729247533589923,0.004477609235466003,2.195647458745784,1.1902748631923354,0.9659214896288656,1.1444480483011534,0.004793321250714397,0.04019731142823757,0.01540237245392671
-0.0015777657515412095,-0.0016879277928596751,0.00891546441605758,0.004807181932921775,0.004060043269433821,0.8735552621961634,1.4612209395987898,1.2891608375361798,2.168364621659081,0.0007944817521674551,0.03921655961347432,0.034449257623673825
-0.006375129310839542,-0.006674772995276498,0.0035181186633818965,0.003109951968999559,0.000004183425170901922,0.8051888498171695,1.6020922441347967,0.7871017867544963,2.0950558673894304,0.009683852470079067,0.03958091345836031,0.000025613546655124383
0.0029317994733001566,0.007972286967257474,0.003269741916378469,0.015425897465765507,0.014770809678581031,2.1150081442590896,0.6346477322000585,1.2506834352590386,1.4924633660253295,0.00019405313903249542,0.040506325341821775,0.000172433743992252
-0.005433468486847252,-0.006856549809389179,0.0020678728063955633,0.012985340334625013,0.008768707793031918,0.8272833779169912,1.7815696572779873,0.40784648923086864,1.0582317426194143,0.00180878987645256,0.041255515718150435,0.00036830403972384624
-0.007918508222473789,-0.004596381620867991,0.002049124226272599,0.01434325871545102,0.009146509537350661,0.8100796844395508,0.6034228203646143,0.9035313131113805,0.9763433627962395,0.00009549736605160129,0.04174368632432755,0.00007379881354267017
-0.0035287417212526264,-0.006537977674992609,0.010224359946581019,0.00289329488799952,0.009083045616169554,1.6419089417984165,0.6023196727572449,0.5360745265550129,2.3098725427302393,0.00009282265788687116,0.04128550148369877,0.00016452489155152768
-0.004174894551398794,0.005711425147219005,0.005117208243222098,0.0025465987738396765,0.00036382762432845276,1.6387764830206293,0.8101426767714268,0.8124885651403808,1.1579308135567294,0.006791653436226361,0.04044957465260124,0.013929140902070864
0.0035895629540303575,-0.005243120982965413,0.003786551582640179,0.02199991681409725,0.0018458331478937535,1.0604709364082407,0.7695527895055205,1.3312851463294444,0.8100634642074238,0.00019528908255892434,0.03755073976149528,0.015838660032604385
-0.003053497097040149,-0.007680390551926051,0.009625613385706935,0.0018228596390055952,0.007715215493391797,1.6084033341066934,0.8125402585438408,0.4118118682077034,1.1022703163124399,0.00013563359311505007,0.04341371502934847,0.002021402937080742
0.011259442019928893,0.0014428428036940884,0.008567947336754509,0.010689146924341236,0.014985510622217854,2.191607312152268,1.7874517549147195,1.3845008862697157,1.3610548596370362,0.00008073253289063108,0.040552717886360994,0.0000025360052303608314
-0.006724737900145964,-0.0076662554855725686,0.010778944013468988,0.004943000069523035,0.008254850376990018,1.9236455861213242,1.7947207271271903,0.4308927362146123,0.8214570601035345,0.00014553329341397228,0.0377909076274174,0.00008915223236467141
-0.0039014440418362077,-0.007873871136131716,0.007247382418861111,0.006310736423471428,0.014914866016310114,2.198937475960058,0.6001808799200734,0.40484143093999914,1.14540199002284,0.00006486367983890508,0.043490230985375355,4.741301251851653e-9
0.0042249462991022935,-0.002071715865059584,0.00017938433406506886,0.015173724001730705,0.006070778436985057,1.3452468720770046,0.6161541567049965,0.8191008166508009,0.8034353612486906,0.012079291914732154,0.03477472240681359,0.0010420613261620155
0.009930820112056846,-0.0012683952525834614,0.0016560549127502685,0.009228916819301795,0.010301059821261706,2.1765303721676825,1.73031930683972,1.3388139357626876,2.1470762826746865,0.004193566918822079,0.040183720016659596,0.0020084156440203353
0.010579306758217066,0.006404834120172618,0.010068490086514184,0.008509326631811672,0.014580805822182437,0.8002137807309762,0.8187963842239979,1.3333416704421026,2.3603605771675404,0.0013834606410121958,0.041102488480096115,0.000010857334017571143
0.011941681935146501,0.0026539710127135435,0.014162555300968934,0.0067553419511462666,0.013858014171459921,2.106234236999848,1.5832916204742764,0.8504070887025941,1.2838058890493171,0.00007311778684522346,0.04285520001598379,0.0002057969118538667
-0.005805584195553666,-0.00629908685215224,0.009550171378062973,0.006252734031054731,0.0002085128443453891,2.080146013958644,0.7553630372085793,0.5119840653896137,2.072259483779184,0.001037822819355322,0.03767826904277651,0.001965406985994921
0.004471125958065382,0.0007502495297576264,0.011336002653221048,0.003990586232331762,0.01455856696730964,2.088095688539806,0.9229848784206739,0.4204395188971274,0.9519853310481016,0.0018320919831902687,0.04089764893287925,0.0011449024797164915
0.011813960482382393,-0.007861991954381612,0.000686432032239717,0.01048796779157025,0.014419470120404771,0.8592480701136072,0.9319643823424657,0.6079768235304573,1.9995609777138836,0.013681082860360782,0.034998228392947556,0.0000697883643317258
-0.00062933737166373,-0.007851609021578828,0.014953793084329037,0.0018101344704743061,0.014128158762979562,0.816366597280449,0.6093021343151793,0.43766995888634497,0.8264247024642318,0.00006805123127262982,0.040869116419140525,1.9165846364577397e-7
0.011279246480688513,0.0035806826266141702,0.0062913813767854895,0.0077896817559002665,0.014777901297715895,0.8181444395403349,0.6306370097706493,0.8227077539547933,2.3320147698948857,0.007836690105676173,0.03140663479595518,0.00006435494379528624
0.006054660116167584,0.0018232358699026563,0.014580112920958824,0.0013055210765818986,0.007206420933884247,0.8139643285085079,1.6943073612979274,1.2683493651525795,2.286701090834374,0.002324402356481877,0.035284986946852274,0.0012175912308317496
-0.004080209033371826,0.00040906953356587526,0.0028678480594283465,0.0016630330332709211,0.010823318123209856,2.1987517704326303,1.2472484048085015,0.9652449315560461,2.334225807017333,0.02024481575380565,0.039658617781220366,0.0016637821872241673
0.011732377945149981,-0.005976380044156283,0.0035566039089734284,0.007826254022155777,0.00013583937971717506,1.5604862894463407,1.0515024896600067,0.4394084256605698,2.3412259998990255,0.014177249704240266,0.03886784006114925,0.00048799037949042275
-0.0039274372701399544,-0.007979455381168584,0.009763676833400887,0.012172030814311407,0.012783059099615279,1.2904787503455812,0.9009404677243184,0.41075054079375245,1.56135436222069,0.00007296620647141296,0.036700226938779175,0.0003516131176624735
0.0031064082867013187,0.004894524556741359,0.005891717269970836,0.007890099237879691,0.0017415908110865357,0.8013826193138516,0.7627387557230298,0.4341138831204629,2.353359461977474,0.008526449278024274,0.03354755947241891,0.00024606689871379
0.005312145432869243,-0.0037559184298598166,0.012586854216757766,0.009834235994828956,0.01219602744049552,0.8125282891235589,1.372454254754813,0.40318122456227634,0.9466787445243338,0.0020480580561953367,0.03683848691730799,0.0016353245218491703
-0.007987544879503997,0.002756758845377745,0.0022068838592419265,0.008339679289855604,0.00017660396735177274,1.3590408180788187,1.7671387513558967,1.3675566217226045,1.9200547194565212,0.00006920010770168506,0.04228771884435263,0.000035598965020317935
-0.0073973405133568905,-0.0031995886343840155,0.0023896165976546443,0.005152950602351832,0.0038660761289689275,1.0655803807562876,0.9121928243581087,0.7336209152798532,2.367686095367074,0.006303732368076141,0.04257771005115866,0.005573717465095754
0.011786376664352689,0.007789704781766278,0.0019383716417945517,0.006884952292443184,0.014938358204529061,0.8145766144384556,1.155049204291003,1.334057225490842,2.3951679808179196,0.017451833974891234,0.0376677606944609,3.119676495407859e-7
-0.0049555466084038186,-0.0028573193175506426,0.0001111552275230986,0.0019348400965074613,0.0031944953184260315,1.429437104389446,1.2526233712562989,0.8734247158107874,1.9020850658082893,0.024147065314035404,0.04362713698367081,0.010567521808269548
0.007178652631354714,0.0004473193751690311,0.002014496407585631,0.0271877458566807,0.014393792235902831,1.4207753723514795,1.2554612325826848,1.3685639048940175,1.555795348170025,0.00006589372521625595,0.02522140178853336,0.005593919695217261
-0.005673470563687772,-0.006943464293115757,0.000009321386995382947,0.009468845638368152,0.014875472851501452,1.0110608924706481,0.6132609757378121,0.40019019370589065,2.3401667886842823,0.013042745265334128,0.03982056609657442,4.021004793717161e-7
-0.0003489024898505437,0.00021315479107317757,0.013668386944010756,0.01096688798042503,0.014959346113823414,0.80440106279986,1.7555211700357338,0.9759367183057684,1.9607675384535064,0.00007051221186967115,0.04342131581560832,0.000037909535178562984
0.010819111212727908,0.007400280077894334,0.004904594547153584,0.01159605327905796,0.01488737251550102,2.1810596699629246,1.0783814026515048,1.2379666670146618,1.836838353189003,0.0014572555215695948,0.03977667361537719,0.00035455790023365626
-0.0012375497182110324,-0.002256561865851414,0.0012982506463378668,0.006448527069406888,0.012731358282305151,2.176523846621812,1.7321539175024974,1.3383514371106227,2.131428699003531,0.005793808938052405,0.037045999214735836,0.0022956839958944
-0.007693989051680239,0.005102728551899064,0.00044341846575643093,0.0034245331896060435,0.0000855828835021137,0.855536758982495,0.6042810438384537,1.0817723231442278,2.346311735499984,0.03065618488851968,0.04242854995586922,1.260524189939885e-7
0.0009941224535696732,-0.004412074692804864,0.014661244285104534,0.002207926603047899,0.0145258143715801,1.6794702737179161,1.5807965855930437,0.5222586476559234,2.342297054908512,0.000907625010026071,0.03611229779598224,0.0017023669593217092
0.005131584105261164,0.007862596971271178,0.00004711763534592175,0.007612418685031513,0.014813075886203318,1.6420659529897108,0.9497699147314149,0.8027750624385537,1.9875441643076701,0.019895346028107993,0.03514896756092039,0.0005433728084367136
0.010428624632549684,0.004453528008076508,0.008723973782509227,0.003350922014984821,0.014861447679620596,1.0903422560333635,0.7134524787408119,0.7952001494384052,0.8150404311817354,0.005335790866914986,0.036959895617382686,0.00026366915340173295
-0.001030569438062106,-0.00748150088743179,0.00007012457487372384,0.00563989857126365,0.014751427232340953,0.8944045627193259,0.8958469612641851,0.40368617464751605,1.9777052294809345,0.01902162792683842,0.04202862685363316,0.000025894752959705185
0.003827008276296324,0.007982989227335733,0.011841856940238423,0.005154698190555961,0.003112038246086179,1.4942516416060696,1.1532240834533036,1.382417113527847,2.3570466556713754,0.0000759811697588937,0.04027133699723825,0.0001157410583441723
0.0038989638567078003,-0.002848749760090843,0.00033393319885132095,0.02389574066012145,0.010752848169773168,1.3745282226244204,0.670531071401237,1.3905586707207978,2.3476380114880167,0.0000693997457987366,0.04083045832263502,0.0004875618925399034
0.007930754497383306,0.0070309577437434895,0.00013023289774950593,0.006022405439484519,0.01487766391417969,2.173475055712192,1.2393643848044098,0.403507805690865,2.363850085723091,0.014647351301288134,0.04130811378679702,0.0000022132518545277677
0.00816040392408587,0.007972490593793999,0.003108014644363589,0.012260549540634762,0.007994379419466055,1.3959557308561723,1.7375687198615224,1.3668012010096553,2.3775789032602197,0.00010997251592334331,0.04383632526795133,0.0001740366371212854
0.005717730594464881,0.007947315347133856,0.0004688731082040219,0.005250061928846336,0.00044417520722092715,1.8040456113723697,1.2276055249787685,0.7653915963627421,1.77900769793909,0.022385226414898672,0.03849641597112266,0.0008621545350632568
-0.0010611705950704653,-0.00011148213386036852,0.011333446254718701,0.006864194387901564,0.0013531144664879712,1.2744118357895502,0.6115250382565565,0.8011290283338783,2.2151798595774927,0.00006968516040961045,0.04330776586903257,0.0010032069915617173
0.000995563814771304,0.0066932097136480646,0.007457520391918281,0.009672408041863976,0.001707708708906923,1.6467819959023995,1.7987860724547322,1.3908935701176266,2.3627505717371458,0.0002448829371141796,0.04312616069501986,0.0001203444669058105
0.00966143676368501,0.006719577565440936,0.0005738470975059698,0.007951573889785978,0.00019471069410848037,2.0949637925480267,1.7114789355446325,1.2512772331807454,1.3005804840205604,0.016471638095478087,0.034210850225117516,0.0004281412771301754
-0.004804016997826788,-0.007967247285303819,0.000004688813552018549,0.012798180170462544,0.002217528946662662,2.179742873941796,0.6051565118455289,1.3647154028894581,0.9151010372622923,0.0021584407496995587,0.04201906411290847,3.6848484692743975e-7
0.00196717110062972,-0.006412739430157871,0.0020894277435284897,0.011497156200248715,0.010768104405235355,2.183471797594765,1.6160253313452304,1.3916037367430951,0.9007887266033676,0.00008574185186403736,0.042373506202991414,0.00030235223864716934
0.0032219160219554184,-0.0035410840461728155,0.002087455145855414,0.004348363564662005,0.013478079489327248,0.8004061403301272,0.6014789148303678,1.3534277387927036,2.265706587369065,0.02046243846186578,0.03809994065061276,0.000003498441974445138
-0.007736714212165084,-0.007945744456111124,0.006828681237422751,0.007026815005857849,0.0003409628339177996,0.8245772703233034,1.788129349482928,0.43087603285150045,1.950204704363213,0.00012304732014734276,0.042160628915744035,0.0000034104243406378393
0.011986511950371443,0.0024118341097247153,0.0036038710500284885,0.008689106709223538,0.01192811533326639,2.1875777645404773,0.6005655009283222,0.5483817189042782,1.12684356858716,0.008804730583549854,0.04014392547246038,0.000015221406469487192
-0.0024917779952889534,-0.0077472314787366495,0.012066305913264653,0.005152839706744114,0.014980071298251905,0.8213856781690804,1.6349183464220403,0.6776157994795331,1.9130296803394056,0.00006374328037065302,0.03841734762128637,0.000005766273286495652
0.009590272644868485,0.0044087850210848874,0.014510873787265559,0.007475933884468173,0.014889192731158811,1.3685986241566335,1.055964779599067,0.7405819006958287,0.8110091773735472,0.0012005601360602252,0.03776412052491805,0.00026250558719227495
0.009691784695882652,0.007396281282905632,0.005608626559361312,0.0010110833547181638,0.01365647661244795,2.059415735637841,0.9391495286531188,1.1250159054351485,1.082984155959091,0.021372285938517106,0.04160254567996718,0.0025214473358664237
-0.007491324023901665,0.005550389516803833,0.0015970224122463818,0.0028061073147272035,0.014099966000710234,2.043287760781519,0.6008950218195561,0.6048536044164992,2.1477470174615156,0.02818822065178665,0.04152395447819177,0.000015962684608775798
-0.0006547375648096503,-0.007917729462570886,0.0025313430560939118,0.001592528093191725,0.0004182991906919296,1.1062777923006484,1.7558510463007124,0.6871976512715283,2.3921659171746517,0.01734215447144115,0.041075401848785206,0.000028106901061193332
0.0042225070520023784,-0.007980394079394779,0.001132617736230947,0.003793875519417402,0.014998657198702883,1.3703183610133793,1.7996356736108625,1.171864844095981,2.22885184381083,0.026053475688032655,0.03873965556730098,9.180562305357199e-8
-0.007086330381372902,0.006956015222481564,0.009077019180618357,0.002264498878389917,0.014407930381631262,1.266258022404397,1.4337222137700296,1.2120884997712278,1.0577122992750159,0.000395228130133798,0.043626792326631754,0.0046568405033011314
-0.0020265896131342583,0.002234468956819391,0.0025734354949989006,0.0009730204925876325,0.000023039881818959257,2.195078943790553,0.6334263348157436,0.9372241617242711,0.9615841566977257,0.028847819500462283,0.042815292402630364,0.000025312849331792133
0.009330203728850416,-0.0003038460009211312,0.000357072629217778,0.006829579012876737,0.014813394207555876,0.8107485136533632,1.7979858884203361,1.1044376747621618,1.949777687633774,0.016735540153390117,0.034857742148352,0.000005317481751752788
-0.005980202195183909,-0.00693517170492669,0.003005232520139527,0.003547030426793836,0.012591901100658012,0.9938966864699793,1.7659340269524515,0.8939543664425678,1.9993896871426053,0.004758617537020302,0.04391178715157351,0.006091121229189402
0.011585718835877858,0.002039228460266662,0.00038428571405842805,0.009728232613553196,0.013979355731365085,0.8004271994416206,1.780376397306143,0.4307031825019063,1.6905740437674912,0.015400007708186808,0.039115292895689706,0.000004732866902219403
0.00338317183445749,-0.006619333307353241,0.010905615693770921,0.008439217436355359,0.014196293493999783,0.8017950663994152,1.2722344940899215,0.4588734578364246,1.0512149326234754,0.00006381831870444934,0.043256333401549094,0.00004940793700166188
0.00561519550225506,0.0001429255683299581,0.013450096362068866,0.009815025043300844,0.014059400321064277,0.846468324526233,1.7471408188929334,1.3722574130677134,0.8236951888081177,0.0000649011473545042,0.03801504322859015,0.00004264405736612292
-0.004997881212585948,0.0077859616793262525,0.0029122319800055445,0.010558955647925071,0.0005509809975421091,1.0237241869393172,0.6028977477975529,0.412145303499522,0.8430884665430295,0.010963962804686917,0.039246501304302045,0.000015101219684541681
0.011125696805263714,-0.0068346063119308405,0.003203684103106031,0.011194057394914018,0.00994113051579474,0.9120509078318626,0.6139300211626292,1.3947224248806198,1.886665969395081,0.005230161775034005,0.03031622712873463,0.00029555511683857774
0.00036339199323770846,-0.0015221556859014692,0.002313665572263863,0.005327925999164927,0.0003869083967583621,0.8019503301009077,0.8904207924406384,0.5200824653944252,2.3941904221670924,0.019606263475761356,0.03678842707313817,0.00004047031196153434
0.0032400265760804334,-0.0077434597380773625,0.012184479166072333,0.013046131422954523,0.0033593647131778246,0.800011204544436,0.8172077446891888,0.5231059888811072,2.3462248760027755,0.00006370503525444522,0.03874702846746193,0.0000019331402490266802
0.010075791999228083,0.0075745712686946815,0.014024401323490076,0.0026273765448492975,0.0028042728918463797,1.8374724419892634,1.6619661086648025,0.5254284810525098,0.9493713876058014,0.0028236676613757725,0.04260852041804606,0.0026564815149574326
0.01048682009236571,-0.004397197471502752,0.007520766773958813,0.008772191131226693,0.005826993173432922,0.9018047029936513,0.6008322440527981,0.41859798240390456,2.3737833385179026,0.008770011975225632,0.03767818539492314,0.000022394775334182585
0.01117879377406781,0.007758606182056295,0.006160595616931816,0.015514701932434764,0.014662807575793286,2.1443244614402355,0.6465672060537411,1.3556332913070475,1.169714918877194,0.0009715102444567354,0.03339759173291048,0.00009076494317520439
-0.00024866372197623107,0.00013059826601808863,0.00010872995502586009,0.019376685009524382,0.0001544665325450482,2.112793705273294,0.6842950583366483,0.6806205397784209,0.9351118032092998,0.0012557215690394133,0.042269621364152195,0.0005824110072386102
-0.004299561768781667,-0.003042557997121405,0.0006532692043466397,0.02734711809676592,0.01497086985833989,1.4843208841183577,1.6483189356614987,0.41974957769202526,1.2750787517492979,0.00007111191970873359,0.03392106059122482,0.00040605651404651777
-0.006972078029374673,-0.0029728804375773804,0.0018951428183140683,0.014138689524858791,0.006998382157907403,2.1683369109351176,0.6081126877165653,0.8692119318616545,2.154891108061671,0.00015527008451572037,0.04045778253325498,0.0009016934281547303
0.011413437402705728,-0.002680835844729555,0.008391374275383029,0.0065229063487878,0.014219332851985659,1.7256397481926085,0.6337381361180342,0.649334542085552,0.9543379024506746,0.008696634197406912,0.04156393329591874,0.0014680580283406785
-0.004080086465993474,0.007997343384501397,0.0011383055960284237,0.0033186652769509775,0.013072122189948557,0.817099588859971,1.2497873054360138,1.3678470733761783,2.138985213681279,0.028256564561654013,0.042807907442644524,0.000007329508423770358
-0.0018907766481779213,-0.006874049306032084,0.009220629112339746,0.0012734580069446693,0.0057943465734126886,0.8957886662068631,0.6247459271698906,0.5868566567885585,1.3651892576406066,0.003353224544442397,0.03794469063205233,0.005703635169447486
-0.007566463015238186,-0.007847417721115,0.0012058539934618087,0.001394664770960228,0.007002706109659867,0.8001218503528735,0.7449181254992625,1.390072857485909,1.4137637362350803,0.018685034287869356,0.043123973367047735,0.0000024188036853922798
0.008930530780460879,0.005305053637230829,0.01004411273030823,0.002301680122189281,0.00009886521564378603,1.717416237798425,1.5063388185631472,1.1814076956357025,0.9834850772622376,0.003684525529015354,0.039783737017779056,0.009778323611826302
-0.007666448766136217,0.0032906051473743734,0.004723384202480409,0.005248079234538435,0.004714897607083772,2.144228729876828,1.7994213609446281,1.310808372108995,2.1668686976416067,0.0027578149616515374,0.041042905803671856,0.00008086640062164071
0.011638640006500257,0.007372814533864435,0.0027102421522158977,0.007847435891014639,0.0028710548349166563,2.1905369831408112,1.076720262994154,0.5166866088471709,1.797783782036074,0.007024788925834347,0.04207583395979555,0.00043072221135385854
-0.005722126362538962,-0.00771099704172227,0.0034941728268525173,0.006758005758831908,0.004633596539975228,2.0919234528053243,1.143049998478188,1.217153102588512,2.2086437815576128,0.00007302747490553356,0.04357274991974959,0.0015390665859513729
0.007705518624640886,-0.0037633614214760153,0.0007521921234801235,0.006280436779158339,0.0011181491937622883,0.8189691608758881,0.6906553563994895,1.3985696058989139,1.2641756038511778,0.014039434677370026,0.03699228463754308,0.00014564805031307883
0.0018062049697906632,-0.007781404155032763,0.006656025114867123,0.012977044662816524,0.0019064099651156954,1.4593376638958375,0.6153854519659276,0.40207512956854036,1.956000050603175,0.0009821343835068534,0.04383751455852567,0.0003019843546580859
-0.005766673176539814,0.0048472726154491115,0.005423030470300461,0.006418497273886995,0.014981418671426463,0.9452884982896113,0.6378060191183577,0.45379145267919185,2.3437113212772225,0.003823991079822664,0.040417960138760235,0.00004752363980859049
0.010504185904887303,0.007445869153190874,0.014873724765732847,0.004271614939106186,0.010497348896939273,2.0530456864591615,0.8895774548966455,1.3927090817889796,0.8310285748928065,0.00006677115394244915,0.04321288288131778,0.000017067922871564163
-0.0062972699581087,-0.004744016952777616,0.001531365569894214,0.010959531287513181,0.0016506390274599353,1.3760956691385913,0.6015067223251929,0.514857391059488,2.381011422926621,0.020830655033686318,0.03808597628081553,0.00004574824125698316
-0.005598096952823843,-0.007536117863918086,0.00948825076760521,0.001859765885486352,0.010775704544315937,1.113654089959041,0.6268931026576144,1.3871560877985676,2.283870628714059,0.00006566044733472539,0.04108626064229527,0.00006969168617277764
0.0029851110629002947,0.003748206760448951,0.0024221174716999613,0.01145417819848248,0.000002762180780694267,0.8047013470995554,0.6087879900647987,0.6232640077227524,2.2048148124509366,0.01308841853811998,0.03407970970400357,0.000004663302671945326
-0.005603837248854042,-0.0057738881072399734,0.0015655680968169365,0.0028112522191532643,0.00041251026714832765,1.6881772355268065,0.6031089846856282,1.3631038953672499,2.3479899153986556,0.02555446442541238,0.04092434323524339,0.000008976615066139156
0.0012691326651870505,-0.00786466828330457,0.000041503106197055956,0.01952788531317578,0.00014365396978542825,0.9135173028376988,0.6125964556303081,1.1320849878980952,2.3689083992585713,0.0014603385290330921,0.0361861087454449,0.0000063640432087379576
0.004446923964950673,0.0026818468179909023,0.014293950390935714,0.009473934419015197,0.014737368148801125,1.6776695003518698,1.0884903167307516,1.2436303297532645,1.8479313668623825,0.00006776627198365474,0.04003468489854469,0.002228354591707152
0.008592107040330081,0.006865813028396771,0.0007557637146191357,0.0044866003483864415,0.00034337699918358846,1.5475158569181575,1.6815828546685734,0.40167510498070297,0.9077123833849049,0.028032064807052254,0.04270008637771241,0.000020863153628201123
0.008818419844830273,-0.007612900327765399,0.00027729150232788945,0.012338344430667211,0.011328397037500838,1.6451735049174983,0.656105838086291,0.8513966301218605,1.8761086982790947,0.007410617107949756,0.03765775521764379,0.003553180506778434
0.011927769063103319,0.0066758756963255506,0.007021451737325113,0.005318571977111761,0.0016868883942895607,2.0012296299629573,0.7408655051255384,1.37521737780711,1.9041902832087938,0.0029310363494731415,0.043712056439940784,0.0006510157855618819
0.008427380771300685,0.0042323389076188295,0.011104542146099806,0.014524953831060361,0.0124444922364348,2.157391414946078,0.6270415366654347,1.1072956493647643,1.562431490336469,0.00006851240467829607,0.04239041885015268,0.00037778191191744476
-0.007518917904861052,0.00797875915182266,0.002170961240572904,0.0061185668822958655,0.008249138208611775,2.123695111223894,0.6061572229488292,1.0739595615096043,1.8724327795467388,0.007593342205674158,0.03955389628520319,0.00006975409262091294
-0.0072172128495440495,-0.0054016598089744825,0.001501852778620053,0.01779418499806624,0.009658075718054736,0.8937889216802504,1.3412112665534952,0.5398930544909264,2.3180055760352056,0.002546476224446449,0.03272387446441526,0.014860300906519238
0.00003937728446768221,-0.0027097044555700186,0.011380186308486372,0.006494618780436326,0.01468335854884877,0.8726799952998575,1.7742001843784472,0.6919429604179428,2.3668956924692135,0.00016007017741404296,0.04159086539247235,0.0004289499244337482
0.008800840846325736,-0.004477817626007996,0.005378885583106088,0.002916223225977251,0.014958101915640645,1.4342396444712275,0.9036306659250227,0.40582661010155885,0.8786341151193295,0.016086911387707854,0.037499055767671256,0.00010700820491826994
-0.0003468797789936756,-0.0012194405509676756,0.004165337537620028,0.00873020698703131,0.005355934716752165,2.19810262098419,0.7887429663942945,0.5300608264358854,2.348691371467437,0.002232791592213073,0.04233040278463676,0.0015524759639573078
-0.007315398194204994,0.0074520102611039234,0.0036071319423000322,0.005519949061163833,0.00264666967596372,1.9973090146709216,0.6222433802764471,0.8638126398038587,2.1509257565126267,0.010794634530422264,0.037079477854384625,0.0005197112197573823
-0.0003166824203026785,0.007621110487915209,0.0016775318477973207,0.005684071207613738,0.004171253992599387,2.1504823815495127,0.9973486081459886,1.1846852453289118,2.1088240350089817,0.022348514537926856,0.040699489244550247,0.002803555017502995
0.004221622628552775,-0.003366720827715881,0.008065818073737446,0.014849809894566515,0.01494876130069215,1.0105518034928087,1.6749408885531003,1.3924512330843615,2.3038640403949504,0.00007715986440312908,0.035746296066439226,0.00022193586458042554
-0.006757647572247283,-0.0009667674414678713,0.001271107687758617,0.010893381919478069,0.003298338592814931,0.8925274275482834,1.3077391239252345,1.2623258270737214,1.5167927542220196,0.00006393895124756101,0.041910598853637314,0.0022244262450434155
-0.0056407432716246,-0.006385996865924904,0.0052415615402783035,0.007968183771951479,0.00004728819851129594,0.9796314827106212,1.4682872928641815,0.651208850657625,2.293476675800931,0.007779809619312321,0.03669557317317023,0.0014511489192060927
0.009539904901196796,0.004403468516545319,0.013840125651928843,0.00499706642919194,0.012641844743586162,1.9121551814769684,1.1151547083332072,0.722006054860569,1.2211839080871287,0.0011064164058535732,0.04061998264174201,0.02537441852856137
-0.005609974785177097,0.007680563906149834,0.007791695010081312,0.0044965261600524355,0.002164380946952527,2.0418906497862963,1.7798230586569868,1.2560020675793027,2.361749937464512,0.0000901762024144164,0.04368377559114684,0.000079028468606567
-0.006859934899631309,-0.007260470694403248,0.002836179484382848,0.019766058347194616,0.01287111469980802,0.8114861652900159,1.4668780323464707,0.5194008140276924,1.1815137129511994,0.0007743518573302854,0.034360778747036705,0.004529698574233547
0.00286265711061872,-0.003527367702102966,0.01419458085697301,0.009997432064845036,0.014911971706998034,0.9425830507650133,0.6453532146556077,0.9947360807787815,2.0872122374230098,0.0003741943582167423,0.03296925731158857,0.0012071623616452807
0.00403475594712612,-0.004532337889678724,0.01112070855686458,0.023109027263728026,0.013797956265380284,0.8018215098026112,0.7247512974817538,0.7064159398012009,0.9537752079561324,0.00007088748649458389,0.0387897392999762,0.0008986191002976899
0.006247463912005199,-0.0032945751593867964,0.0016600445179158951,0.009641020889446647,0.0067272074828613896,2.189504434267116,1.600714285890069,0.44138448538350583,1.102961154107261,0.008570748305172881,0.03971871469563251,0.0034787978593793906
-0.00520304082741789,-0.0010418170824764515,0.001880410695416402,0.007973806619803344,0.00040051263853008986,0.9115968630449602,0.6017700473397173,0.4744933742766897,1.5759813556566162,0.013344206471766885,0.038109344971005356,0.00008056526313862783
0.0051785344741771475,0.007441613657762067,0.01107570015176101,0.008399278907126134,0.004948233660375249,2.1674141398438787,0.6155051394298362,0.7277169188191354,1.8221555713827098,0.0011171005282528568,0.04372256682663671,0.0012370426958742454
-0.007690885864167735,-0.0068440846897053886,0.00013001056772745696,0.005031856427545526,0.0011269798528469276,1.7274336149824543,1.7883972270463837,0.938228639960045,1.2313767106888096,0.02068525440392807,0.039198653272047496,0.00010889970073442867
-0.005892893112966811,0.0024058494870485437,0.012342941901171262,0.001142457258508831,0.014835988313165984,2.1348173155595997,1.0603623590464815,0.4709652091192079,2.3194607204967,0.00007232537906390281,0.04311008651416087,0.00007770774689277996
0.0023886000256535273,0.0031386231200506882,0.00861434658830434,0.01102475173286562,0.0146788856531165,2.112462390097482,0.6077399051692213,0.743847901513959,0.8911843156676406,0.003223698478761603,0.03493571915454804,0.000645070398982159
-0.007501122196371614,0.005193704033663498,0.002575788080067858,0.003262382393717587,0.00031181257611534707,0.8110855783521289,0.6006881620262734,0.4518394931207273,2.115668290701728,0.01121220206055281,0.04286355520823948,9.464118309323389e-7
0.011405268483297981,-0.006751025109737855,0.006494060630973256,0.0212185583789441,0.014589418818285169,1.0294028522458234,1.7802946747790829,1.3932306948967765,1.0006331438345735,0.00006341609771920568,0.03326610747302848,0.000005317493251285576
-0.007697743993234245,0.00797714492715769,0.0057454607095197415,0.005885282752044427,0.014578774376025044,0.9503673552499952,1.349235038794895,1.3809452758689054,1.371333889950924,0.00018229688933180566,0.04378241637574529,0.00008503931735760482
0.011265809433593073,0.0063190409083891605,0.002047086677712182,0.00354568433345551,0.012024005109877826,1.9850830914550488,1.2411376599894157,1.3982671430100604,1.383394565472209,0.030758644638876103,0.04383369770403448,0.00013027364469466165
-0.006531942004106537,-0.007971853783519266,0.004465217538469524,0.008255574151797705,0.012139120191458729,0.8007093558633727,0.6187706536062412,0.4644775471643184,1.9418086869443214,0.0019660932158305166,0.04380427365541774,0.000008327956823558885
0.011627154654258978,0.007926498412650463,0.005974916081625129,0.0027680838895997773,0.014738284966756644,1.1701543386235347,1.79983114583903,1.204990273920631,2.2972372144439017,0.012739748905371464,0.034652190950247616,0.0000013953740341559397
-0.005762079112637459,-0.007344452967010711,0.01199117061312832,0.0011960716817700887,0.0003339234203956323,0.830824704668514,0.6014154862927726,0.40222535279659133,1.3464807185345578,0.0013327204580268204,0.043203762536402644,0.0000016816116054728009
-0.007354346250497892,0.0006922619497470063,0.0008829464972137923,0.007129321846822219,0.0009848675971990133,1.2954405175268264,1.7440641896063198,0.4012125995549088,2.3006660325149064,0.012965757453473902,0.03984959157405727,0.00022823860865653237
0.005147893942154848,-0.0036395426935751634,0.00039206121488707653,0.0071210906867058945,0.0003304466794335184,1.2575362051945957,0.9161147517493315,0.5696005811757989,2.1893277707776964,0.028304201118318256,0.037564740493599515,0.001764626078414658
-0.0037391405095669,-0.007984670792914848,0.0007808039453776844,0.006989702020464119,0.0009676705665225886,2.1972877717176553,1.7991530406549425,1.316432503350244,2.1576719168000587,0.002363710196914013,0.04350878228053263,4.1516502359323877e-7
0.008115070921370555,0.006991416050915144,0.01120050316409141,0.004352602018642721,0.01496606151736765,2.1792031448765035,1.625162641362488,0.5591420322147731,0.8462059323761696,0.0018313284086771192,0.03942276717675443,0.00002639717129060128
-0.0014874350519529043,-0.0024548258412446554,0.003998227510721238,0.010232778101530044,0.0072042585778753394,1.135269443196961,0.8223493780026178,1.3672405485088266,1.8483395741929651,0.00006949930573549379,0.04351668704210651,0.012489945760428948
-0.004170482284738004,-0.006695531510500472,0.014265069581358127,0.000723331673879384,0.014983052439744177,1.294198187394731,0.657508827934143,0.4189791991722876,0.8781240036508948,0.0002135047147567519,0.04237042734742817,0.000008744272952114003
0.009200032874860622,0.001906086845415102,0.011902807305542069,0.0026964524341351395,0.014839234251688413,2.044037222663375,1.3129981264096307,0.5060421388315217,1.223705103114285,0.005268093784670342,0.03555678739505176,0.0020639058972163962
-0.007335917839452436,-0.006406605963529604,0.0024763442564111207,0.004881032798455448,0.006811688670932871,0.8313081997374268,1.778900114188609,0.8458378342201098,2.3662017791639833,0.020497135062246246,0.04133486116629029,0.00012406560738569057
0.0036510425223363376,-0.003594102042457737,0.0000036650535649264973,0.005627643175668897,0.003222294514385453,0.8020905142719233,1.5453028780618092,1.181750407034126,1.0210559004084299,0.02475539705642499,0.03938732096573618,0.00006712662956486124
-0.002458888185514185,-0.005463068732294914,0.00569881306862717,0.013810477213666237,0.010040282624283395,1.877961350525143,1.0819414646143866,0.6153514394498637,0.8123345852374981,0.000811484377285452,0.03611042054191476,0.07188289534035036
0.010823572914606332,0.002791539233505856,0.014288422138432278,0.010213773186307205,0.014787782251973138,2.0891449819013994,1.7560284949365559,1.3906583739320268,1.5667333872276201,0.00007011117334448682,0.04053754292465578,0.00003218008174165221
-0.0020402682868134597,-0.005022471611676702,0.00004539315913838507,0.0158221388121682,0.0013583438196907646,1.50853994789748,0.6361456350023428,1.2011921442151947,0.8096853212769157,0.00013456262705910399,0.0403857979622651,0.00016662711479342084
0.011153518658565002,-0.00796522390924033,0.001638879442605305,0.002743252403167423,0.014932323526249704,2.1350457094058264,0.6126008915228984,1.06134586541662,2.275021002335647,0.01533151608997828,0.0422638473817239,0.0000012210299278423466
0.006206916952033082,-0.0077522791813532405,0.006320788177632223,0.012280236663732545,0.013524205132644226,1.3849177595256021,0.7185943060448431,1.297069973704653,0.942626333166932,0.00011177460774967775,0.04277745162147391,0.002440123275162343
-0.007848152193696304,0.004006796216550066,0.0012046419682456332,0.00238929237131075,0.006716068021583939,0.9394755624601496,1.475755254361939,1.3883496657998176,1.6673376225178385,0.020799405601258508,0.0413897837629944,0.0003406287757996614
0.0055356669844194226,0.004208970361748589,0.0016224994630238657,0.0013349615820919983,1.2927211724876208e-7,0.8001566968815549,0.6552320676403743,0.7797137028297828,2.3930894366822657,0.024893874780753434,0.04223800392250697,2.7075811329329554e-7
0.0018800406511883683,0.007885923092229814,0.00003098039300910565,0.006962873744399688,0.006907139321225191,1.1470478910289716,1.0665198137210652,0.4568887959493925,0.9862252484335686,0.02563491272585637,0.04074727247881672,0.0003148019610377261
0.011796738184703531,-0.0023211019851133337,0.0016418229316958613,0.0028394992255569656,0.011515175535031614,1.4943916210098942,1.230256439289295,0.5431395877633459,0.9370555345059038,0.01574143947430873,0.043367962517469535,0.005414350314698971
-0.006797944052429824,-0.007985342580870032,0.010808660367221185,0.0019638427072039607,0.0002091315647731979,1.4740626662834697,0.6260972147220232,0.7436450451108318,2.159706801468178,0.0014497523524428925,0.04329271501580025,0.000040437591378476624
0.00395048254585475,-0.007880353236630243,0.0009969327857044016,0.002791412502254512,0.013961102329466114,2.1959573937068066,0.6651618554522297,1.3349048625026083,1.3776089306167536,0.020328036510108,0.04042328467357129,0.000018062721788986497
-0.006413228416816576,-0.007089105448159048,0.0011104590582009402,0.005646612385462168,0.00016726763980932184,0.9085488651640197,1.5105488330822308,0.4702960016382514,2.3994096715235806,0.028469363868449026,0.04184413450631382,0.000008150185624971589
0.004232460389499522,0.00397119515145411,0.0007844290930575585,0.004249369089914212,0.0019366733105224594,0.8065149493520347,0.61026019984958,0.45398486383010034,2.3956711275765183,0.022658717040305455,0.04125791797980642,0.000003938981664406302
0.0011395414743884166,-0.0028341726676551597,0.011222189213839825,0.005347784946788858,0.007189773872353513,1.3494453950279814,1.786816897005162,1.1384134472282843,2.388842757170151,0.0012190370413854709,0.030409871339212604,0.006304851820023273
-0.004099462556207009,-0.002104100979623987,0.000828211204472243,0.004230797769043253,0.0006714957949144102,1.902076976966448,1.7404055314236881,1.297881351695591,2.379232784682049,0.013733235278052022,0.03801872444028908,0.0005095179599125277
0.0012569043001168598,-0.0007525817697732655,0.0020070239582239274,0.00045487782593082597,0.0003455942738219831,0.9882684785831529,0.6618490176724491,1.0114932907484846,1.4441560284363195,0.027543887371347803,0.04284897013767355,0.0021850372199627944
0.01076095485556023,-0.0035253318924126902,0.00743909105175721,0.0028143722223088405,0.013632959414619401,2.1690462982410033,0.6204677219990694,1.221296109801861,2.208885334258495,0.013532405671633062,0.04265033766885353,0.00026473924361421593
-0.002522617225037462,0.005799870463140977,0.0035625024587903906,0.0030139779143175177,0.00041942895515462495,2.144484506488074,0.684706521347419,0.6648942505271863,2.057337926744993,0.022051759586098067,0.039555675028569444,0.0008337862855446656
-0.007743317643738668,-0.00679627612859382,0.00002375263648933735,0.020796493805238656,0.014175983713270283,2.167795227084037,1.0480911992793815,0.9050171107875957,1.8167732494234237,0.00007364873706884955,0.039687789353630244,0.00011216140289880588
0.011859362538316553,-0.004407275655255831,0.0007380481780154994,0.003469208189994171,0.013934354544733882,2.1487328546080926,0.6049454248106525,1.2019648678311405,2.3998871133915545,0.017481269843105916,0.041056286347987435,3.075646236174709e-7
0.004185184625924794,0.003568852022447895,0.0002838284894496767,0.009440274217120346,0.0018441836623856508,1.1377606814188757,1.2870067110711083,0.9417550066329846,2.208961922529616,0.02300996135549807,0.040592800700706366,0.017540758610689707
0.009440945129583989,0.0070347299037935435,0.0002611361150724382,0.005031789266134139,0.01246254208669191,0.9513816440793543,1.4858296709735037,1.2024625264519775,1.5424316814286987,0.03131583564320996,0.041313599018997074,0.00025472032404360575
0.008704281742054232,0.006138295773136904,0.01443222971168952,0.0016267467317464554,0.008759709839166506,2.1961972259790734,1.2057031440989467,1.3985322849046518,2.00770707153416,0.0015694684337160078,0.039622171831379914,0.00035075060146349163
0.011091470341726133,0.007466566786297507,0.0002541564791760838,0.003652082912393304,0.004081794313739515,1.9595285295502027,0.8157837504139228,1.312028791725812,2.1516578572299174,0.030539515312866694,0.03891560286834497,0.00012764363874020166
0.009525455470892622,-0.004050851650409529,0.0061858176836408745,0.0007778786860768178,0.006916901590096769,1.992575610821706,0.6320225321447254,0.5908196895605589,0.9842458215471146,0.015767126323926458,0.038059274531453344,0.006148426474468423
0.01192480643813661,0.004758912077687241,0.0023661319497779976,0.005562928120877376,0.0006247361777292553,1.6008382377709864,1.587456945024882,0.692931819463293,2.1127725295681294,0.021786075119624545,0.03809238906113441,0.0022808382416582857
0.011450878271604438,0.004605675513259681,0.01346573820951379,0.005885357897271996,0.01146492120295036,0.8172513569893023,0.6281241197864614,1.3825940621433497,1.0076822904549738,0.0005389774270075848,0.04288892099328486,0.00012977059210441286
0.007625474997830901,-0.0019828400183497545,0.0004087784226891536,0.013410493503665175,0.0011352373420599683,2.1715124214976687,1.2968533024400566,0.7103470286429554,0.9572212772006763,0.007959147019802432,0.041728038534270276,0.004501268105829612
0.0035393874830771267,0.004338373537293603,0.004046380021245706,0.0029121186518498757,0.014812444472333763,1.1489080941073757,0.8208961782732371,1.298726652766303,1.158858986404463,0.014472845746865371,0.03689670951131999,0.003746513592272553
-0.0053217771935399425,-0.0014809284934993432,0.010374843800781226,0.005689008909333675,0.014545478748568636,0.9241815322708774,0.9004730564921788,0.4389898637075976,0.8450013588268132,0.00009485342698279407,0.04116325920539452,0.0003568239637567385
0.007646650218715842,0.007971653718886033,0.012072770408697484,0.004820412180478565,0.014985222836778075,0.9114346898407997,1.7846891490928103,1.3948499576088018,0.8491686750524126,0.00012388850919395044,0.04048370095191394,2.8346283069412833e-7
0.001250853109343494,0.007527973883171321,0.0015877152069855068,0.01517055640550502,0.011933311163279805,1.8973242245843593,0.9247560989966611,1.3938973664272702,1.3984054107208732,0.00035859842142191257,0.04361200772969403,0.008222814826958398
-0.0004486477515934636,-0.00011729220417927046,0.003227443487412871,0.006390227678598556,0.014538470594657876,2.1875140269990516,0.6838387518328248,0.40085389422057244,2.1075956262154785,0.01342999579978339,0.034728672631758294,0.000035662245750684605
-0.007824639244164608,-0.0022914458871419463,0.004296121892884789,0.009678525158150257,0.000026757091085483517,1.6219892516907801,0.6344591354666607,0.9302340870357124,2.270928788361851,0.00008508413424041017,0.04256852568712736,0.00009965132340756525
0.009561876155386864,-0.0029493404243339776,0.0008544670447664258,0.0068165361472187404,0.014073303569566747,0.9325929229368819,0.9421445571502775,1.3991429012103518,1.8837294205211552,0.01181220549446891,0.03555787088276031,0.0004966957524371643
0.009723404579350736,-0.006125293814153189,0.0013762891058541524,0.0006221259222868603,0.0006192916299011668,0.8215368442292194,0.7673133993102765,1.3959703126704206,1.0872525698798685,0.028516323150622132,0.04328019621745701,0.000010693022130862725
0.0108153657252082,0.006784270088095493,0.004131050081810408,0.005486192306195098,0.009345361648677043,0.8515927867802074,0.6399653836003287,0.4069438821014538,2.1471624987365363,0.021894125269181927,0.038605631532307116,0.00009123524456751705
-0.005575381667706736,-0.00717021246533043,0.0036293892817718565,0.005107932817536589,0.000012438354066715037,1.0346470760098863,0.6851073138727519,0.6749848197260425,2.173797651130626,0.019299868030959434,0.04023896920435993,0.0000892093547554881
0.005376373581393406,0.007894586956404454,0.005791714425485317,0.005069371948622271,0.014526793485045692,0.8003403180506802,1.3715167877073402,1.0087638547289384,2.2904856798762747,0.012260738514644105,0.042805241300862926,0.00003516009628305072
-0.0022447477248346724,-0.003349111082762133,0.005453514745576888,0.010579084214204717,0.013968965489619192,2.11265705099599,0.6254833815742897,1.1382773933401438,2.205161835549596,0.00007605865364542068,0.03897454673131445,0.0006057454222281131
-0.006811843009472405,-0.006319393544843778,0.0009926595428205846,0.014388146083035312,0.013709990537813582,0.8857053883835986,0.7022057050132298,0.9357913412128707,2.3961951472079903,0.0000947558289393714,0.04221783265073038,0.00012646898595041603
-0.007811991839143527,-0.002248111357067867,0.000277692488821505,0.005237975953001283,0.00007254060474251352,0.8478119047923108,0.9140402188606402,0.47833393345255093,1.8388188165644868,0.022035076197133737,0.041598555228615414,0.0000240499483302957
-0.0060995743590771916,0.0034973648105727107,0.006478349705127437,0.007636146035897981,0.013198494665784464,1.0401025382279179,1.7698231426663784,0.40454260805459075,1.1464762646626174,0.002088407919590663,0.04022020326472917,0.002723842765528242
0.0027699278524769555,-0.00764849310502399,0.0004930141163068851,0.0013728731688703462,0.006818981325705108,1.096133691645914,1.7282806680041078,1.399290065492584,1.5962515444066394,0.02944322633252064,0.04292583338894475,0.00003071410152173332
-0.0028464789063551354,-0.007603354066137587,0.001605827874351867,0.00937525886762832,0.0005913577488486151,0.8103243998541079,1.1301718391863877,0.4078207862303772,2.0902720142323448,0.010466297267662144,0.037589945624466575,0.00009825765756745995
-0.003444007662357023,0.0005689947736301926,0.008385489952584037,0.003376786387195665,0.014503361557088184,0.9915302122521297,0.6368354213334009,1.293415459094384,2.2234022627854646,0.0015598676489987048,0.039946899279047585,0.0024914823602824408
0.010310464980744376,0.006101303983986497,0.00017425530173725238,0.006831306016282218,0.0027991958503995923,0.8656220006373264,1.3706760526409396,0.6151900090834256,1.1222694524490853,0.027194852178729582,0.04064459730844509,0.0007597489654844625
0.011602867258004412,-0.005462885103740971,0.00502928575627415,0.03128101062947443,0.014153701927271375,0.8072817866857129,0.8567985124422698,1.061550398819195,0.9050466109116343,0.0001214012239102902,0.027023115620691443,0.0005414611761099419
0.011624681564854054,-0.007861089930011082,0.0018138860725682858,0.002760049009767866,0.01465993134553271,1.3092242155013898,1.1132073686141697,0.4276851659179008,0.9249984381052744,0.02547892942164605,0.04158096215121138,0.000027547084105062764
0.009124272897721754,0.004008341143356586,0.0010463185514545238,0.02584674621813949,0.014990748441433227,1.2880319436423404,1.6062044837911507,0.44726415024412214,0.8348189242243474,0.00008414368925607047,0.04363321834927805,0.00003689708306646117
0.0011330688150539593,-0.00787717429496751,0.0013278129513735898,0.021379541204950853,0.000011586947859732835,0.9386973655715015,1.4326802399073992,0.7398796626817782,2.2787783846181546,0.00007877533928431802,0.039030874942665696,0.00013210665057545673
-0.007717224028319085,-0.0037219623010738383,0.00007735624503261084,0.0196961006571985,0.0024810169426885617,0.8750618686301066,1.2618018100301338,0.6316857946763836,0.9325036014634429,0.0009001384661939491,0.03996049168501925,0.002279992043129391
-0.007719470443449318,-0.0022165962449558893,0.0008805727356337699,0.018853101627586463,0.000024945454987935243,0.8179318162377016,1.6341219518357994,0.745194408918036,1.9432674241407277,0.0001905502099828782,0.03958895872371358,0.00021370733067129104
0.0061862043464154335,0.00783915366268953,0.0016932054724736023,0.015231572736505942,0.00660632013455385,2.1252154275693744,1.3062284417615373,1.2409895593855806,2.3816777599806764,0.00006551956083398846,0.04311983785365902,0.00006799566117978447
0.005511865194841318,-0.007999904068842234,0.0009005631108611646,0.014965980681556787,0.01471972124395219,2.1763619512570154,1.7186293334845613,1.0508498304131468,2.34095189612162,0.0025396979189498477,0.03677654004983938,0.0000016236001434939824
-0.006022475976087025,0.004829325956318131,0.005502810514947315,0.0054166211513080025,0.007058752568104705,1.2664913778112858,0.6120507241672919,1.3816154632734388,2.3940616373317267,0.00006731421355812396,0.04349809829463227,0.000040908064673998994
-0.005193975818573058,0.002303626440920971,0.000058675533922895814,0.002308437071687768,0.014591085409597119,1.8928946163757365,1.017537185958459,1.394460777643176,0.8114274361715887,0.023928463558259064,0.04256694724457932,0.00001596678675119929
0.004288991538171191,0.007023336440266502,0.01252352987907964,0.004055950617199413,0.005964231356126383,0.9787251092284615,1.7616050819868088,0.6029088580651386,0.8144499174404045,0.00016146962878149749,0.04378590654987171,0.0013734384419598115
0.009112027531613935,-0.006629496329628788,0.0029856924649835337,0.00046242142700796655,0.001676745007144488,2.168712022141101,1.548566113514958,0.5522631784883981,1.1560630436619173,0.023265376360500772,0.0418707822023636,0.0026395367408358363
0.01193468961996575,0.007850715770942634,0.0017707548751183422,0.008050960869625475,0.01235615203831772,0.8008488357606313,1.635083367951721,1.3051008057920939,0.8383015405842569,0.012690576141525451,0.037889816097261914,0.0000030750479838268065
0.008648014856868811,-0.007711245958003378,0.005124227636133563,0.020962515650798756,0.014179905363322216,0.9857232326457106,0.6026510743023478,1.2650639498625353,1.5786886786235796,0.0000647272064916624,0.035866725350180456,0.000019186926766055278
0.010559471993660079,-0.007946611295386494,0.007942794622534406,0.012404257775066766,0.01468643425306472,1.278400811985511,0.6542347256385195,1.3986661878392281,1.8183422186336853,0.002669795289306115,0.03897419339147631,0.000134541189655467
0.00338174826516913,0.004912044286989636,0.0010691152567388791,0.006728276443220967,0.014983952598163387,0.8658413343887837,1.0463798877774508,1.3996702161868702,2.3609550363939356,0.014682264556288273,0.036491067059736565,0.00000489917036967571
0.00734234583031502,-0.001159443217664564,0.014611240398846188,0.0008582831603999656,0.008415354763551307,0.8099488002018175,1.5811768592746596,1.3885554161533946,2.312414568739463,0.0038825430167237765,0.036780473534994224,0.0002724278133662177
0.0006359347551608465,-0.007836705862458061,0.001137832478064684,0.013556759027076844,0.00008195633372824229,2.1977709558909133,1.57468470116688,1.3849531201835963,2.311934261170186,0.00006336554302762848,0.036049530802808066,2.6576623765107864e-7
-0.003927381095590095,0.006357731973230266,0.0009157246535784534,0.001990268844868868,0.006373518830628859,1.8333387538779002,0.6015514484978436,0.4031746116361948,0.8597687631204618,0.02707253361049407,0.04341584581209921,0.000008182224697864914
0.009003106103164848,-0.006937603572875296,0.0017469029227900634,0.004101785660380523,0.002270988378659724,1.1683123390069463,0.6052829653802454,1.2605349731825033,1.9937870199305776,0.029719335801899848,0.04154616686660537,0.00016341573013819262
-0.007845959006695082,-0.007909100382550285,0.0000987768200159124,0.015373647005542588,0.011129772626966296,1.198839643653493,1.7999508331363208,0.434637877576701,0.8498587783048104,0.000493910811822162,0.043317559769491164,6.07114942808915e-7
-0.007245259315462098,0.006615689648608973,0.0020898283780183594,0.01698540467923282,0.013849823264542096,2.199774445827975,0.6704784666533539,0.43854799244312015,2.3940279541512792,0.0012520705503837688,0.04237149661976141,0.0000035447748075361995
0.00576455504943991,0.007950229016107226,0.0003860220942702521,0.005467165544373004,0.011555427258873454,0.9647967558024967,0.7721874518403572,0.42993734882605056,1.3015078060206413,0.019180475034862192,0.042654316382375844,0.0003028168305031713
0.005940385695766498,0.0029657790701884245,0.001926762495400641,0.0005449157502997152,0.005564436584300853,1.9110383476345776,0.8424258613536919,0.4102260540876517,0.8017618429519591,0.029335129426557284,0.04310955823521711,0.00012370871831548846
0.011180646722012192,0.001320155369112697,0.004919494658487238,0.003567436042200363,0.0030163562530688285,2.1088374868080573,1.7887954614595567,0.8120122641541341,2.263140635746862,0.015215733196433176,0.03553340147713692,0.0011722124635994583
-0.006920414309014646,-0.007965665806494208,0.008901441339256263,0.003078246882729864,0.00891767980826724,1.0828178190689848,0.8510008846087771,0.4347684718825471,1.3075710043057334,0.0019455567232008189,0.03886937775086452,0.0009497816136653776
0.0008376838583064317,-0.002323873291786787,0.002648307004995472,0.013696447723622615,0.014210777464574633,2.1636871960651707,0.6593072707148774,1.3799369005204851,2.2127234681247243,0.00019455082342273246,0.04284612894064694,0.0006586745338597223
0.0031168511538897554,-0.007604312141076874,0.013933344762755316,0.0027522638788935266,0.006706454185979019,0.8452929565258425,1.2557102332471675,0.407677109074124,1.9332729093178012,0.00008822024901385335,0.04252275446026939,0.00032958239216813426
0.001059776097811065,-0.0008474875085847152,0.0002771211619102052,0.008104576376898752,0.01355427441466199,1.1971028655037392,1.5284697169297936,0.4333118468936892,1.6974816815079743,0.02258447054481857,0.03837803356599594,0.005847837558116052
-0.004363747637673944,0.004647937195691608,0.0009197040476299719,0.014317900767015461,0.00870773796943412,2.1852652768496936,0.6476113565889519,1.2396037349836249,0.8286196919494303,0.00006448609481538541,0.04336722077812519,0.00004003147069771357
-0.00798360920900329,0.0069986409151985216,0.004767003962020032,0.001885026634071346,0.0036453593649481866,1.8087231474129273,0.6009847022132795,0.7528276237963323,0.8044162385501302,0.016293550020692858,0.0412849148330874,0.000013296289987982348
0.0025568400270485105,0.007841336504151312,0.010400299787269206,0.005293754848189285,0.008551291970463101,2.1849402384298378,0.6320200309017935,0.4653782723461734,2.293969652843516,0.004349545412395254,0.03877981694921418,0.00009923701923765761
0.010802177017729297,0.0040801705627640985,0.00016054427571477657,0.005785466908176805,0.0017713316032012367,2.0934538745314564,1.2654012039076705,0.48728188198199596,1.850536837780869,0.01766324430423851,0.041324319441186474,0.0017439119224641599
-0.004991862338116367,-0.0037934592605640234,0.0000785374965046134,0.015897341895856263,0.00003189334682806215,0.8388691733758012,1.3894245852810383,0.9598174698759625,1.2545207952777078,0.0004803377599990149,0.041258499666839483,0.0004342160977412496
0.010894987239369804,0.0007791357665607786,0.008623495539577022,0.0044759938311146885,0.007410583070547573,2.191312021121525,0.6104845049594076,0.5143398609826371,1.7954405835741596,0.007758097986496702,0.037804755400640155,0.0002261750530700613
0.0024682896262470787,-0.003754793888367217,0.013155107706782113,0.006233285897168637,0.014539968900322617,2.1841327850019914,0.6191444814249152,1.2388346940387458,1.8736079861470736,0.00011707511012844545,0.04234947970896799,0.00013255770937974174
0.010546479308526924,-0.007036357435410754,0.00005717646746828249,0.0030854293258141437,0.011081234826073197,1.3886227308934607,1.139620358780592,0.5417118702465877,0.8192231817470591,0.024617232454288897,0.04361833445135027,0.00022612967973686715
-0.006008032186973466,0.007974686105649983,0.002139328812536372,0.010010716908192118,0.0032029111184811317,2.1267913872745914,1.7476734383140737,0.5349376650666997,2.3860902306330614,0.007677314627392701,0.0369507630567673,0.00011617168585874815
0.0022804682597588055,0.0059127848118111035,0.007742818795883102,0.009021135166955735,0.0148689951423963,2.076557830919617,1.7972888287210136,0.8132166743699665,0.8845715128719652,0.00007364007999673132,0.04376948749890667,0.000041198444070955823
-0.00040597888746322225,0.003822428727735184,0.006844288172682612,0.00796829767267543,0.004662592815811127,1.5005585311918908,0.988652923139776,1.2730806837450783,2.1422045097710543,0.00006314493779931636,0.04297829039855151,0.0022649588494300737
0.002637956155633855,0.00016268525073754626,0.010236319824057398,0.0021700581833537093,0.004261207146278078,1.6008337204783583,0.6000272170442478,0.4012452924036162,2.07988394616397,0.004706368473125876,0.029861237436184546,0.00002211812258592465
-0.006566000910900477,-0.0043773726662611236,0.006386589253885843,0.008510383223907687,0.014468661693255554,2.1953086960747346,1.4769906305188663,0.4785244328499914,1.8158486716547104,0.00006341470994828606,0.04118551256156537,0.00002689944952654523
0.0021903276989907773,0.007394060745065862,0.0013138758049559838,0.01630824627428638,0.010031113713957195,1.7848274240937854,1.7009846466096477,0.7610757535081327,2.2794004733353277,0.00012023099181821636,0.04357810864963606,0.010633814816490885
-0.007963194273719245,0.0027629752096439628,0.003218930431081005,0.008078502606636721,0.007432018820073518,1.5223353252043483,0.7028578840941063,1.180515686020779,0.946963622045427,0.0017519919033746722,0.042579411644436384,0.012199793184112497
-0.006737350648973822,-0.0079681026343373,0.00011315567653413443,0.021758982678598042,0.005340518830431753,1.8073843709436015,1.6391532299074085,0.4266819479172068,1.0392698039424846,0.00011579310371972275,0.036842217684297456,0.00009391975153504702
0.0010481114081607942,-0.007978588413111859,0.0011015497677137641,0.021535671559184493,0.014430929876323545,1.5186819364374706,0.6046827974317726,0.6810175882014233,1.460515763983522,0.0000931798643262312,0.04268610435720226,0.000041188310546495
0.006206527251268405,-0.005771457090725475,0.0017874271084525742,0.0048878617187737075,0.012529965433522016,1.4284950620991814,1.1371876339739098,0.40928294735626963,1.5954793794217785,0.014205568533614595,0.040920868255298455,0.008792833843942159
-0.0033240498120942086,0.003618626319991566,0.003325877231074238,0.004969215368128621,0.014742129529886138,2.137558667402733,1.799993347070172,0.8504377603523791,2.3327586938496316,0.01065358664983366,0.03379855910936439,0.0000012840711759202395
-0.004752595369965673,-0.004522564399742789,0.0016496085907058912,0.0028902025038134113,0.011502380730640303,1.6438992692964756,1.7604560197781591,0.4167187694323383,0.9946447409784086,0.029074801079936555,0.042566685677334896,0.0006016171776943338
-0.0015802740568610918,0.006431539954625564,0.00847875044532015,0.00500950753814125,0.0004867636598212339,1.0786354526753061,1.75349392074218,1.176525541750459,2.062459238253629,0.00006541295021178345,0.04293576758219953,0.0004486024900027995
0.0013576272552900791,-0.0004153241625102118,0.003189562427315055,0.0027874215773402784,0.01185747551820526,0.8116593071633296,0.8837313158037949,0.919041267448095,1.3793298446382014,0.01090099333169024,0.04073445927946931,0.013236811574013732
0.0030979270278667006,0.007650616582609012,0.008109664349038278,0.008517516090281344,0.01366313432389668,2.145963056881909,0.6029468707274839,0.698849599575004,2.0266961560648737,0.00040127786444100024,0.04326125975122766,0.0001678709607627437
-0.007991129984252814,0.007332830540113609,0.0007920558723927086,0.004845830720240133,0.004626064037975062,1.0623853762752444,0.6271959552964638,1.2983909581788455,2.1070980821104133,0.010616032014839755,0.041527175538902866,0.00004760355382614043
0.011731359759287567,-0.003836618555276835,0.002755796886207386,0.0012780617900538915,0.0000739557247574091,1.1100620907729242,1.7691659982206738,0.8787173649497447,2.2347592488945054,0.02614321868420195,0.04101101668217628,0.00011035202018747828
-0.0007531296605238734,0.0073253768191085394,0.011135361164972737,0.0021247443799706912,0.000457349063037245,0.8009553363020361,0.6041916683541341,1.3631379456610306,2.2818226976964544,0.0003401495191947976,0.04278880928244182,0.0000011373106339115773
0.0049539768973415575,0.006792146935690389,0.0007605855074462724,0.004984968663897233,0.011280888523148572,0.814877093384693,1.198209104838143,0.6413354465792126,2.3767475251495114,0.03144327629651603,0.04039363466429535,0.000033306356000059445
-0.004430627439163446,0.002897184758913011,0.0071872534846395665,0.003192530361845181,0.014925309079519765,0.8110619163456217,0.8127297237522239,0.7714472467123801,2.2162497431833845,0.004881052946085643,0.03742898355605177,0.0005066825908130952
-0.0047462858067645105,-0.003242535664954811,0.0032789907275192903,0.020973171920260044,0.007971758413032604,2.0817618578060095,0.6052983989448818,0.40126561653310994,1.7014038523554509,0.00008393068243200783,0.04047663930804976,0.00016471864179831317
0.005210915915272445,-0.006953664071693387,0.0005699218246042296,0.005902668911705233,0.014882376700142226,0.8381353900480503,1.755883658036507,0.9707635199179513,2.3376742507515718,0.029654210623384282,0.04160398325144695,0.0000033336662645582103
0.007989352731994685,0.0069646508946361665,0.0002765697145433114,0.0043818267414948145,0.00013372158144718996,1.7787251011946106,0.6096781289580642,0.536907738498983,2.3253696125928336,0.029421053189914215,0.040469929772576,0.000006989763159977277
0.00039427361875598275,0.005828492720941757,0.004409215452985962,0.00224484238665663,0.00020843849813228566,1.3987635614953275,1.2583074586095775,0.8759395667450034,2.267059507215218,0.014175341071014749,0.037166311588471154,0.005959196326730482
0.0027374477476909444,0.007994095840579037,0.0015940343142496255,0.004932069953297025,0.005009389669267263,1.0582069592536254,0.613477731350809,0.4621584544332005,1.7259980582782553,0.03007747285499134,0.04080321918842591,0.00005149854775325107
0.00704812871586393,-0.004566667926672922,0.000013698860092238241,0.00256312413226656,0.00038034738713131904,2.193397730715749,1.6054859542328455,1.1910711832550347,2.3790302568026425,0.022819506511709057,0.041807387696190794,0.000008440528408297124
0.008206001288087874,0.007263384872204742,0.01442907704647109,0.002551820912925903,0.01367292188846544,1.9302859095571583,1.77608935405885,0.40157985268481905,0.9549002220768708,0.0006784511516099862,0.04235216245273102,0.00004320377023814492
0.010853916535576293,-0.00798128138689042,0.0005633658628046575,0.014476372764511474,0.00010903588270569271,0.8054621019135094,0.6496895352315502,1.394773625052745,1.1358515575307626,0.0033801803329386463,0.04070736359176254,0.000001165147997784918
0.010998624144917611,0.007531193329562829,0.003264931506511678,0.003372538201419103,0.0007610077272173455,2.165257403575814,0.6065415266740838,0.7510196318918402,0.8175755014125277,0.027651985311288617,0.04181787641351599,0.00000509090835396831
-0.007859942399966093,-0.00674130935248943,0.0036473488149324903,0.01881263867007519,0.013460858565390624,1.0451371827482079,0.7581647910202212,0.47327621886005106,1.9299653708017834,0.0029647694173712664,0.031874513296250864,0.008355527528049148
0.0015355634397554024,0.007304464627150882,0.014754866492087529,0.0017779784469921585,0.01476424303475086,1.5515259958011174,1.7793416304195588,0.43849515818661366,1.944741719550803,0.0003638414603517633,0.04318403525912616,0.000059880665492312586
0.011507903124109632,-0.0015155303537569501,0.003825404987506618,0.002195006251130998,0.0063096876263439355,0.9287516637359466,1.763535641882394,0.5589610339505523,2.3851370529160825,0.025458393509472745,0.04110133629649314,0.00008890002479634833
0.001400891482015729,0.005791517384256839,0.0010892094790331368,0.0004706629924935216,0.0004424889493586541,1.8361036820003618,0.8303696452735898,1.3799143639583318,2.381082631803271,0.03161764197155199,0.0439114629770271,2.3619988352204367e-7
-0.007876392590514734,-0.007600082080240495,0.0018337933684807503,0.007280183861736624,0.0016897135463530052,2.1089325897913005,1.6005133953794837,0.40017331168688386,0.8481749400567055,0.00420262545894726,0.04355516016195286,0.00002407638896973591
-0.004221321269194984,0.007908239451622372,0.007261037237801928,0.0031193879242361897,0.012067797531262957,2.197438865606261,1.7095537617212955,0.4171332007626066,2.39088599980209,0.010210681691766636,0.04110495807009603,0.000004830798849252156
-0.007755894155666506,-0.002817429226778802,0.001602288518024245,0.001308118488510112,0.000008270148101246184,1.5040713737304023,1.5071904965080205,0.4619476159873863,1.9343278592045687,0.025243144887842902,0.042817488450307264,0.00006408138858949367
0.0006971032941577929,0.005844442545753127,0.013708590098496794,0.0030211125454851565,0.009746066190196053,2.0411746435370217,1.0364566737968692,1.2088372830232268,2.352278399386754,0.0000639527037466299,0.04160576476027878,0.0003636718280140819
0.002866432352375969,-0.0078042501167634145,0.0019547649744546666,0.003953487915878134,0.014197892385113202,0.8393543307426106,0.7207897579951529,0.8830790292027939,1.0974685313518127,0.025070648722897316,0.039969505763512096,0.0002296975683567076
0.0068101496903266775,-0.003847038184521651,0.000475440816529225,0.02931236156264494,0.009155347822366917,0.8074260204087202,1.286119416870779,0.9938120536211775,0.9021500456670153,0.0004391591148804208,0.03933270172643814,0.015194713283714984
-0.0014001297274224365,0.007773259304672733,0.00004234142614842715,0.01371395099803834,0.004409586929698194,2.1209819757581996,1.593521575514514,1.335802316972433,1.6698676175354703,0.00010553655664161735,0.0410105226665685,0.0006716514650031536
-0.007581087395270178,0.00769532343985764,0.0022251066357000335,0.013826474692137656,0.014403626688595187,0.8059277520513284,1.7915850653071148,0.47977944963365843,2.211743007118148,0.0000634752567549884,0.04310626320641684,3.511870926344489e-7
0.0023384857362975606,-0.007700735000710646,0.00036082806844111285,0.00387474211738545,0.014991038804494362,0.8053109507500273,0.8166751943196111,1.362312731118207,1.6671251900202475,0.031168107062587984,0.041450510191111,1.894604771128656e-7
-0.00652826673408143,-0.007828225721805929,0.00008406190793350204,0.019933770886989905,0.0019976388468823,2.1995624482984883,1.4778571116173833,0.6188845562082896,1.221242333545906,0.0002890120405631162,0.039884921073216235,0.000018281635106402954
0.009482904717654634,0.002243618968048101,0.012300816314440258,0.008920478722709086,0.010943568038508168,1.2361766332311364,1.7257484793134816,1.0163708677495324,1.2088671281587637,0.00007487999362952451,0.042085100329360664,0.011197743997858951
0.010853901868199352,0.005926558481137725,0.011923214385462372,0.0017286046643784833,0.007423917636657384,1.106638198078202,1.793953332782762,0.7226916850147125,2.00625565142309,0.0039178846282808995,0.037577440818492944,0.003588217394733449
-0.0075207939288685485,-0.007885980745505665,0.00004658488712075643,0.012966792302778597,0.012585853901243465,1.739545063436379,1.6302304320374255,1.3066148820391885,0.8248344955710494,0.00014306267277529054,0.03973586890008665,0.000042594993313866855
-0.004336786529791642,-0.007358654813302414,0.0007229501751045964,0.025765212446223956,0.006565625965389788,0.8435617836187066,0.8487665294587615,0.6349955543268903,1.571873592777616,0.0001306919838722393,0.03824780953651839,0.01001997851833426
0.0025698483476813173,-0.00797804345090281,0.010758496584375292,0.0035866874619168033,0.00003272237223320496,0.9669906934989292,0.915837351059636,1.3132077848253156,2.24538384957404,0.001093898979890804,0.03794984947254338,0.00018665825488908163
0.008210158161087045,-0.0027110012318516995,0.011893310315943834,0.0015253842520398708,0.013174650140237533,2.1906421455794236,0.6723663040865118,0.6603669134179984,2.39451937781679,0.002943151090559801,0.04297819623839295,0.00020645934710518017
0.008471896362232154,-0.0032854504875809674,0.008999917451926546,0.002215750800518091,0.014821499046990113,2.078251254768098,0.7357876188707583,1.1393501463972653,1.0007904074270622,0.004718283251509894,0.038939584838092706,0.001765762538258831
0.004117172122018009,0.005846673006033103,0.0008871520512823642,0.004384678753580513,0.000017664077272321858,0.8611116902356168,1.6996927936659656,1.3240188891011182,1.927061008735293,0.009892969704416877,0.04235557281195451,0.00011347145839606839
0.001411486483747306,-0.001737735904319011,0.00985534739003408,0.006924375004682242,0.01345551961531844,2.103977452000647,0.6135607094871435,0.42458630198967356,1.998913712486116,0.000931335142354845,0.04326633895942509,0.0004839184587993849
-0.0037214748412945304,-0.0019864906550925623,0.011039648659588704,0.006403493569835429,0.014869088811093998,1.44371712739872,1.6269541061412265,0.4854040618886616,1.8833811804345768,0.0004931023980439385,0.03696195192760824,0.006850428339621865
-0.0019775473707211826,0.007904068247664087,0.000181816527760652,0.00529398473765669,0.008131374726105589,2.158281579061354,0.642241473502841,1.0739902579685665,2.2721863450893425,0.010644185972212067,0.042126629585269214,0.00015081696607506162
0.011711814889475983,0.007120040349509376,0.009548415365693959,0.0051106501073243755,0.014818765123680563,2.1924392311626955,0.6800427182203443,0.6492614349820861,2.33730751780182,0.0032554114590761384,0.039013080503810374,0.000011730999968245834
0.01120028322184458,0.007954926830228089,0.0031477765095451198,0.007902366417476813,0.014520367592222281,1.9675100350126646,0.6104904834806832,0.5277792485555441,2.38947799165573,0.02098853631660235,0.04148247883263011,0.000002020553953044634
-0.003409961252121377,0.0034480438851163583,0.00044112037355119847,0.013756332895980182,0.01224903513999846,2.1433405017842495,1.6691969080679852,1.3664068783131196,1.849844039376235,0.00007110697432413622,0.041150083492502265,0.0006761759272564896
-0.007236621349529002,0.0005180183023279859,0.007287676029830588,0.007730904710781202,0.0003217399343488719,1.7359583911761445,1.6791126463493184,0.40587946456265817,1.4191419693849294,0.00008203665550089866,0.04357087965665725,0.0012491323006383684
-0.0030652366360869043,0.006932667377420541,0.0012459747405645183,0.0007699730887606524,0.012764831609285732,1.6105422520781145,1.6285337494564285,0.5205195099520652,2.3932809797680434,0.027219686815872623,0.04362384996551113,0.00038138269950868425
0.0061870618065473625,0.005947164683537063,0.0027735447122521737,0.000442783893473139,0.0037266808319361714,1.7051312909743874,0.6011439480571834,1.1697114488638896,0.8471205050080495,0.0294022595258163,0.042607426232262366,0.00008707092412407097
-0.0026759446391153782,-0.006891047162457586,0.00031983804712233085,0.011082272528304958,0.0015609853145208419,2.1970468435486374,1.0995564520403696,1.2824998136699088,1.8517720322934148,0.00007737664544625828,0.043329818574238475,0.00011577998828237731
0.010784425727089528,0.002209575318282718,0.007614434549283992,0.020432912343629005,0.002685869598881877,1.5268942209935084,1.4828465518812037,1.300725994238519,1.274810666873238,0.00006452031484803816,0.035865785340938115,0.007259508522632056
-0.0050283940606686145,-0.007711763861098145,0.01066860233682549,0.0033399267716910565,0.008173777716476267,1.3471639396125457,0.7564781581715372,0.4015123035468656,2.3918777571527627,0.0006130590108602502,0.03875508027356846,0.00009023569428198064
0.006624082034178148,-0.0072564916066350715,0.004567134583052152,0.005207693982374982,0.008909299060868865,2.1251441224071477,1.7296371348446669,0.4004036503330205,1.8622209296051075,0.010746157918084379,0.037148243189530805,0.0007149575539419447
0.004220882442723997,-0.003096950150005655,0.00025885059179773276,0.009070498638805899,0.0008884199621849013,2.158074338656597,1.5569228055497715,0.45527272683784714,2.399756000318333,0.01569679551002093,0.039317553757042885,0.00009207128120554962
-0.0038593999029487595,0.003930436581136051,1.975118523106626e-7,0.017260478866598778,0.01486611032482057,0.8866517208742098,1.0051338718490195,1.0356300931381541,1.9722356511317327,0.00006798316502797711,0.04120526534315799,0.00017236430221570002
0.009713085494332922,0.007419611181249472,0.014329086163287949,0.004725333643762794,0.012103353433039518,2.1487209880907034,1.1101907578049943,1.3614825523712422,0.8011708456180718,0.00035099751252299667,0.04084428186030986,0.0001146645122757291
0.009590644873223187,-0.0006992254090082695,0.000026357028017855897,0.006207274127282486,0.007200765358009096,2.0513600402746963,1.7787879862564648,0.40446972074857257,0.8080200683245861,0.015517963534068695,0.0420637635308956,0.0000057385096091415475
0.0062663529763726245,-0.005687505415158298,0.000046021357714309446,0.008975758479810603,3.8047530082831535e-7,1.031348183590425,1.5618699345077331,1.0951134072872315,0.8831393662250391,0.011969448042196618,0.035463998843942704,0.00006226397134366087
-0.0017568221669373094,-0.006047471442493487,0.00453427648881638,0.013671470450821817,0.014147918611848753,2.1077442748360378,1.7685612309614491,0.5245885140967107,1.4077377617844637,0.0001821830648702632,0.03953082860164874,0.0036610541214101345
0.006053649988750898,0.007979849570644921,0.002992695372456364,0.0030409957475100377,0.013025956091944797,1.085970966739431,1.7996496768365282,0.9347126054298571,1.910419917418478,0.009232137366029278,0.042317901138027206,0.00007964218109416277
-0.0034389774488501204,-0.0025030171997117876,0.012897283700043598,0.0001831305186637082,0.013485868392930185,0.8054970356602051,1.7985373220883472,0.4103365074088378,2.2960971882352,0.00016191556194824466,0.04089193150572145,0.000006564513639313284
-0.0013809461316173248,-0.002618865550619227,0.008582467236375096,0.023556256285446435,0.01288703825409911,1.199555018482541,0.9788646459393671,0.4176909763862307,1.0570894654573397,0.0007749945039027335,0.03837098597343131,0.11557512198075086
0.0045473759818445755,-0.004710036512073785,0.0002489494468374638,0.005817144507249099,0.011411373749423453,1.1542958684894735,1.4547126601389233,1.3760073154773038,0.84551970467004,0.022239183612472322,0.03897019936014848,0.0014003070955503196
-0.006349959860018484,-0.0079882918865822,0.008769811507200487,0.003987719044905562,0.00034419173332350667,2.0059684700020215,1.1197406391551348,0.4068532756534731,1.538752627503937,0.003222648894226172,0.037161220251984664,0.00004736911540852952
-0.00212047125332888,0.00232021420463969,0.011315514726571914,0.007178493077275413,0.01351205121083752,1.9868669484365244,1.3514536816630134,0.42986170762198844,1.2341627064591476,0.0011541045318239449,0.04061866612397693,0.01879429695945758
0.002306430106797302,0.00577888463118178,0.00011966489226130674,0.01994293334388831,0.012717328109178137,2.155974381090581,0.6508433758238099,0.8871869144914863,2.239259210687835,0.0015128575506795747,0.04169484022026704,0.0025480631213511745
0.01144962077441317,-0.007997628559346784,0.0006005274884870396,0.021894378230936824,0.011384198925778646,0.814156928052972,1.7498206109553651,1.3395536010263984,2.1962585275229083,0.00006768340821371951,0.03529318697604444,0.0000010584836695244064
0.011964937399614097,0.007761125883648041,0.00035307842847312856,0.006945527255354878,0.012098863025376324,2.1128849297018153,0.6423366753843756,1.01736595222958,2.298853584575663,0.03054705981169496,0.038298975229771846,0.000003980698027421172
0.011689666488525544,0.007386455002370415,0.013260824543738548,0.006694305068004503,0.014504604849425765,2.0203676529461942,1.7412324371332333,1.2284074869351795,0.9261671106843399,0.0009215054346392184,0.03836865172026825,0.00016359914957953103
-0.006143796263659076,0.005918480756727533,0.0023230827116004307,0.0016053558007144446,0.007667949843876115,0.8751830721748691,1.7915709111828324,0.7742247141162808,1.5201070307473215,0.025518443471272655,0.042384400633533194,0.0007485514950641089
-0.000055079212182692835,0.005759902979519272,0.009050771798422787,0.005174932011601761,0.004682129294259765,0.8004447343795111,0.9946508985809175,1.3980578875476015,2.170222088022616,0.000695465836819371,0.04087177470821569,0.00022116525565966147
-0.005309388142757349,-0.00777300368373221,0.0010848760056798527,0.00966016597980625,0.014667971561411532,0.87440837810929,1.798896235333272,0.740285769664128,2.385988852312547,0.016577507735148007,0.04341950635720701,0.0000024113492201904743
0.0006813892406656776,-0.0068351522038292605,0.0009423830730975303,0.010448471019059713,0.014811011272594734,2.0372902687772534,0.9978262334939403,0.7097378146714157,2.047525453757939,0.01935830553833718,0.041001925995348146,0.00310292217097199
-0.007652022931576891,0.006839135823135159,0.00014658770787030713,0.01523384383559004,0.010428552543765752,1.4703100160017377,1.7577843501156436,0.6447123959284855,1.9616437894304102,0.0037179969957777254,0.04142071791011816,0.005917391117982757
-0.002008321530690499,0.0029856731595675565,0.005804888301886082,0.0020949568407830246,0.014634571677600735,0.8140600631217263,1.300926023926182,0.643115083457894,2.3883079297546352,0.008027223918589435,0.037480005601923425,0.00040746010014937626
-0.005278834442861256,0.006138875857367431,0.0013465171164946013,0.002780886593061598,0.0003110574977141264,1.7141346475380104,1.7284932819412333,0.7835369962513055,1.6362080254810105,0.021203690864497443,0.04111643857817212,0.0017099673763560314
0.006196034426929294,0.006984635568395776,0.0009785526252825058,0.0009988173214562635,0.003632705238976666,2.1962537738392793,1.7732688182421659,0.8499738305086884,2.3647753568303758,0.027503523215002032,0.04317222821298198,0.000037234419424873755
0.00969226252465202,-0.007642087820612497,0.0044884270980777435,0.003205976636616312,0.001692734385395228,0.928873366040826,1.7973703468360043,0.8817112870039345,2.3743021772038357,0.010702294607469739,0.037823936165452904,0.00005079830756341998
0.000440332966745954,0.0077722514861659035,0.004496852189749513,0.014410976778704447,0.014900262664403072,0.9950034061802452,1.7474193989530802,0.7244694926926312,2.224414083335234,0.00007292411321603191,0.04155677776123654,0.0001458999787902944
-0.001204024469688876,0.00788642025930961,0.005952657667071774,0.007850744234121894,0.014030596487504413,1.5335636444233525,1.796732569763885,1.3932176352229568,0.8228011362857949,0.00006309804859577147,0.04241435035316363,4.5562806810407435e-7
-0.005642944895612815,-0.007792401710918324,0.00008319052056716116,0.019639079113798263,0.001146770090407605,1.107500850165169,1.4574101636405454,0.5151426054189606,1.858643880344013,0.002828924494309072,0.03683031194590086,0.0012691321888839875
0.0008020815026041281,0.007986768144074435,0.001701406739043043,0.002016732650047386,0.01384882576840378,1.9250605587951608,1.1468900577926273,0.9730435840755856,1.1937903478587577,0.016864066855137163,0.04218932933270465,0.0019997247560432003
0.0003537267908723732,-0.007782053322712578,0.0037737699404493032,0.0034525378815996794,0.014119656728116728,2.1922674679853906,1.7999612317386968,1.242295515657423,0.8247383135624484,0.004659310524019518,0.04249373364207671,5.128284249028459e-7
0.0006867803989929842,-0.006812590729760423,0.0018156601221895328,0.014299993995845361,0.014606435254150412,1.9395247076483229,0.617159760026446,1.2500281660193222,0.9416689814789112,0.002968075896960932,0.0407188111103724,0.001082626484655057
-0.0007092770840318357,-0.004382202673366271,0.00005351136500574275,0.014380314407376839,0.00628702659913633,0.8116132957219877,0.6000177259785464,0.7495060617880493,2.384828167765982,0.006787399939268702,0.03292724830891524,0.000005775927895765886
-0.007855682715503586,-0.006890307912063599,0.007312992500680991,0.012776632160252417,0.01451459150464083,1.848266803880605,0.6109942454872558,0.4227128702991341,1.8882423444644294,0.0003973507742464675,0.0352021225661612,0.00015454863307816193
-0.005536302378942304,0.005916464083265035,0.0013151969135661782,0.0060961732181131715,0.0008892613894450396,1.7984491929244615,1.4644609130963528,0.9125298469733812,1.8644879697025074,0.01456398342070027,0.036536418692336606,0.013824170071809288
-0.003949031148200126,0.007352050680469815,0.0006003447278631995,0.013433782061768148,0.000017806020932305302,2.1962050145870333,0.6039657961375257,0.9448776197802072,2.2896591913522,0.0008911169595192645,0.04274696038684478,0.000002003389453512104
-0.0078169755820027,-0.007987376372639469,0.006117721536466316,0.007007949253834203,0.01404086806406117,1.5507717987863179,1.6806188641145865,1.1684239541465646,1.8497943890502389,0.00011039999624735887,0.039879347610397936,0.0007382871460633841
-0.0036755239274877533,-0.007645433510793484,0.008673480962430162,0.003540276435596279,0.0031671363069175344,2.174118743216357,1.4849748864011467,0.43111217209902264,2.3553970880867436,0.00671533671455653,0.039991359233730255,0.00036460615922919457
-0.0064318445333898105,-0.004015163190406095,0.0105148464412004,0.002077703791037183,0.01461764863836922,0.9677268145234814,1.4614095083786989,1.3711737152130028,1.6319186458524308,0.0003973544982272851,0.04152030424071335,0.004273752581981847
-0.005323943208813765,-0.006233028605421171,0.006945374492309218,0.00278859744045102,0.009858528741553399,2.1518636873308856,0.6370636309847859,0.4784973480071347,2.3391199808152234,0.003578167378353394,0.03929664484885653,0.0004271716161887772
0.008686942836066781,0.0037429567836287335,0.0028144587645532403,0.01873505060724091,0.01167361128645142,0.8051436408273805,1.2033348802867498,1.3979777771115502,1.9549142222441158,0.0004964825617247019,0.04150574091075442,0.0015379889413460511
-0.004612174502922624,0.005275343684146909,0.0011948709659775638,0.0022824512991509054,0.014624617155699285,1.213525933763223,0.7116309898446779,1.3920393231071397,2.3488007783457876,0.022032180558000047,0.041147880568391006,0.00005159922211139067
-0.007780910153312975,0.002336841527613223,0.0042147658387175655,0.0035071942038454674,0.0026129476605097077,2.13251725816618,0.6352285898195665,0.44999354827464877,2.3796490142075886,0.02253331054079374,0.04308048341458072,0.00003883796213301087
-0.0025313967061653423,0.007238638321371716,0.0002940694489582433,0.005466642696646793,0.014487007394579662,2.1893950283405035,1.1959322772378764,1.3059951238532448,2.3001142100994114,0.008902059230021648,0.0407999904414195,0.00017250284729175593
-0.0005104043865559208,-0.0017280046515064018,0.006022248417044397,0.003971747405977611,0.002583315076365714,2.047476836281926,1.0079546081813293,0.40016396486290734,2.3956457114610696,0.004994564205276414,0.037819510154314666,0.0002753216367915974
-0.007386089269393934,-0.006548541967900627,0.004426074559174014,0.020044071808139108,0.014775678368894969,0.8823792313221449,0.8287832123646333,0.4050731324993867,2.3577774853563502,0.00006356800753674622,0.03699392243759542,0.0000016956496948493676
0.01007243662829102,0.0014901748342267575,0.011864151587925163,0.0015550615716476046,0.00010843344621048219,1.0089989413693725,1.3388391854842694,1.355823752253247,2.24814427905941,0.004426753916649749,0.04156116773704501,0.0015387321148472388
-0.0003852595172465327,-0.0004448193727252126,0.000012659104637331284,0.0022722725668690245,0.006103172222477156,1.5965750051878587,1.7500428532235337,0.5824121823662516,0.996459073972905,0.029916641851731155,0.04351791128289102,0.000353015441608628
0.005677478199312226,-0.005724234142766568,0.006429795628575966,0.006659520160445354,0.014714783795041406,2.1844799073682593,1.7459777018151255,0.5850525867701841,2.3619513855084855,0.002168679313924754,0.04268411171906614,0.00023313316510222286
0.00527189862455507,0.0006834461588587706,0.012825741749664974,0.000907190471816916,0.0031802401371119064,2.191166189429268,0.6741565251834329,0.44291063510785,1.744599932732507,0.002239326970543298,0.04209085920060014,0.0013216892515648193
0.011810510491294519,-0.006360385524041733,0.008276859939503129,0.0028343852833348318,0.00938464111136742,1.0693172113994098,0.6559168384118494,0.4005128177181866,1.7305885689563085,0.006762698660522822,0.04075101583048894,0.00022358289458063827
-0.0035480208854329343,-0.0035158180857268176,0.0026670868282836803,0.004916427347766986,0.00012083219843913117,1.8735448192479383,1.6523645079266571,0.4299788777755233,2.036736306579604,0.02280399782247752,0.0414648505695222,0.001160962570104596
0.005261810639947007,0.007995813208863146,0.011800196819177355,0.004114044058649335,0.0010816445703429529,0.8065969070273991,1.7277581512287483,1.283004324194576,2.1094057929391106,0.00006596827952311505,0.0423138511742258,0.000002946178101033739
-0.0001281482401078969,0.0026123365892092403,0.003856167632224808,0.008730865950448806,0.00475277838068746,1.7141299267367156,1.7665542696090513,0.4072619122105733,1.0842948395761927,0.006578765174127326,0.03693252219471339,0.015049701633485096
0.005883105424596743,-0.0025508379564714613,0.0007346666691732892,0.028160248801216318,0.014766722187261883,1.136039255455413,1.7788733424149359,1.3990182191288887,2.3883965838915575,0.00007754888765875472,0.040276697542683995,0.000014445555646053814
-0.0042187464837982695,0.0044344213875149256,0.004160209816490768,0.01357382423693795,0.009041160176976029,1.861799597999674,1.656715000751201,0.6252686279833334,0.9193911822148586,0.00016731475703984428,0.04355649110036955,0.062289554775696816
0.0012540772920669602,-0.005833501054050336,0.010980555930521517,0.00524765095545078,0.010694279297857113,1.6587055662707417,0.6132189262544173,1.337979369427956,2.2581243975921375,0.00010536470967205032,0.03811849057465689,0.001474698071485494
-0.004906655375148507,-0.007490601830173432,0.010244981763207098,0.007559301690794866,0.01336470176521933,1.104629441413265,0.9452478082619686,0.4188734765382391,1.1185245519844642,0.00011950624698441155,0.03753623400755918,0.0017569490597729499
-0.006007307735010235,0.004035835603650494,0.0026845184752923084,0.01788957790862674,0.000984890816340029,1.0657644589152115,0.6000733435742086,0.5624225797618869,2.295190318399202,0.000487040137277547,0.04352996187676251,0.0001024646207846638
-0.007633970542395752,0.007125262051988799,0.00043548372227210277,0.00906862766152612,0.0009411645830206002,2.1999729977238287,0.9941599055407706,1.3999653363111717,1.940826210982304,0.0016829680419816308,0.04248941126767524,0.0000036032891230718897
0.0077052181404241304,0.0037521755678315456,0.005933364450814604,0.013384319671763881,0.005796675004572481,0.8226274583662788,0.6199403027735675,0.575992777934009,2.373236082795154,0.00683666514118101,0.04208008748548797,0.0011093965057823812
-0.0035273355577794827,-0.007918712048926874,0.010563421645120011,0.0018967807049591965,0.00030802988726849037,1.9476636746852023,1.7999665309016595,1.0809121505773367,2.2020545750459677,0.00010532903663198056,0.0396875540865632,0.0000012658981228506347
0.0014815484100669258,-0.007794792589846441,0.00009038552173081873,0.003676664953807081,0.013731310539238087,1.9196466132726315,1.7904352964513999,1.1674910704319572,0.9870788962364629,0.027190049412354984,0.03996340407711521,0.000020395946265951616
0.006417193174324404,0.005157149569939266,0.0005293875803016504,0.003081802782524323,0.014874195271515688,1.0031633312445587,0.9500187659427959,0.8730876119750601,1.0777483537481267,0.028611118177656197,0.041795194336359885,0.0003587700992391939
0.010024898722922799,0.004559907242094811,0.00010740177063380758,0.026916446316554495,0.0031494091470392373,2.1823096409900344,0.83236972267007,1.3793791427065285,1.0174582077373282,0.00006329139598470759,0.033303905291926394,0.00002163765306754646
0.01004331786013182,-0.004441801946860578,0.00032490230156570797,0.0034639577150628307,0.002918207841313798,0.8016506481198813,1.7474264684198046,0.47632594712415194,1.1177862045536493,0.02020640891178514,0.04376634245734769,0.00003361269023088729
-0.00667838472071251,-0.004905895356576932,0.0011188467991204724,0.024881583645689185,0.0016408001949137995,0.8009599544495211,0.8512636998523753,0.41987071687072447,1.1049424055405062,0.0025868227612751613,0.03683134621770517,0.00039871547399739294
-0.006907749260316512,-0.007978303268562935,0.004991839967543361,0.015461328276807237,0.014929901290729066,0.803362514883414,1.7224553286250952,0.4301019231777409,2.0548654611188737,0.0022096617641353226,0.03992294961284338,0.0000028330603554188255
0.0015717247171655978,-0.006292902215879789,0.004677162951431238,0.014882784692518438,0.007039858647334263,1.7220905118113548,1.0713743608884825,0.8974829179863921,2.3265578644980502,0.00006447013278335858,0.039076306601858374,0.008190699799730262
-0.003593980147026464,-0.0061202369322999155,0.011658435211938583,0.006294009310052533,0.004675369261168041,0.8709498578773713,1.1545883539089372,0.5441962215883611,1.6941314328628114,0.00018222746003615254,0.039097691857575306,0.029059029247902674
-0.0033178476356174333,0.000716392068726427,0.014427273233688273,0.0022716736495614117,0.01235247319876398,1.9046873104080675,1.6982644041676274,0.410490016004683,1.3650140319021953,0.0001103808685920463,0.04364536633916535,0.0012041779536763415
0.005301621157514834,-0.006286981975980328,0.0012781975037761922,0.003643259003840793,0.006162056711931335,0.8006637998155502,1.7975308143649338,0.6695986324320022,2.08296046992925,0.013961506154136664,0.04228533540708862,0.00004403989728630046
0.010773700408343419,-0.0026046045392848095,0.000011301440828250923,0.011313458899009279,0.01222269270427812,0.8012153912435084,0.744196339035306,0.5290684065362415,1.4778291432079231,0.030845668975771796,0.03837054691320974,0.000010049351327802659
-0.006944143930870316,-0.006807094237783779,0.0006555895130012021,0.01716924975871316,0.011162880725342444,0.8008669478298964,0.634664370191052,0.4566994420436369,2.389314005578246,0.0032010258028320163,0.04096087420512246,0.000006975476860307136
0.0033669879444701567,0.0040821648000622535,0.012889190144582924,0.004054819135428477,0.014003338208942654,1.1815561203213183,0.6722498516801086,0.6943781428472857,2.274992206166579,0.0018355047696289322,0.035912389835029444,0.0063135070673868265
0.0004833153984762275,-0.007532663413168548,0.00011641517337459787,0.01455755266078965,0.014896556261244597,1.0754453964045176,0.700001632263848,0.7971989176944692,1.8222731994525903,0.00752151740590273,0.031064983425215527,0.0007332604853902675
0.008585043695496872,-0.007765499811718241,0.010744882579019866,0.003958761505363346,0.01471547943619518,0.81396362040826,1.452853974112374,1.2996002640773232,2.3325851522494316,0.0014393216143011491,0.0429523003957201,0.00006893344525089457
0.009105497360137656,-0.007874737935499499,0.0015575027772841935,0.005950965478144601,0.008678587268291175,0.9468950745705829,1.2165912304740698,0.6403922309191938,2.3053663275071665,0.03156823459995429,0.041756592495466247,0.0000696812456189072
0.010199777855894876,-0.007584545366277936,0.001444723597539877,0.004788928984452369,0.000012262714783361608,1.783631585579128,0.8136514757915674,1.2604440623490722,2.351483916510513,0.02251804376450397,0.03542323728390638,0.000041622907630164984
0.00010054347041310759,0.00745504251304714,0.0059038526062895,0.009729612076290143,0.002837204640203788,2.164229704313215,0.8019222141079251,0.8797706407483078,2.3519660025397835,0.00006359841463097654,0.042916788533080466,0.00004988527230443051
0.006223097267356401,-0.004316328405393811,0.0038415870790778983,0.0018449985881729253,0.0005785327452668277,0.811973435593243,1.1386230740093055,1.371396092466782,1.3869431558517062,0.020089454732616068,0.03855935212855219,0.0006346442936195347
-0.004163268520032709,0.0020886259171623914,0.0009649252819742588,0.00292029717069794,0.008610324229731828,1.7499696139737768,1.6440372673984451,0.4185307909313747,1.4161655395297297,0.014442758237748666,0.04380440223763471,0.011602288922856472
-0.005040054874696583,-0.007967692638829458,0.003914259829129384,0.005073488274603209,0.0004845685775370835,1.1452582160882763,1.6225719742339852,0.4370176401082043,2.3270515894105923,0.007082716105319009,0.03905551022685828,0.00007098707254169513
0.011972798061443881,-0.0029483131236025945,0.0004989467881867896,0.005773540422061723,0.0000019500025615776284,2.171836166622291,1.7501818873492425,1.3457149834737412,0.9114546607241394,0.022223606175552593,0.036249744157905335,9.852532715007624e-7
0.008450267675901145,0.00015611430323001635,0.012243123448979383,0.014195119904563758,0.012165512011964313,0.8488426621100094,1.2170308160754963,0.4416678611013661,1.1074015250953395,0.0001401197812059562,0.04259788588475372,0.010858932467079602
0.011476214622065304,0.006503319514418697,0.0060513713543422646,0.012454394075126126,0.011736410408670852,0.8030000965180748,1.6574004767168073,1.2600399636593949,2.2187476309744834,0.0024018883492085493,0.040377693415290045,0.0003534770964329682
-0.007101634126080796,0.00781970595032402,0.0019937032655655148,0.001737172691281347,0.011693258540131556,1.9538665489083058,0.9061855029533796,1.3892737887691187,2.3616045425758436,0.02911737937613259,0.04324351746088216,0.000017633860249454514
0.0022969526689152094,0.0064656629288369315,0.0025057465095136306,0.009885869241002227,0.01159403838929253,1.0333535893579986,0.6017099019734092,1.34529682349313,2.3103583893100206,0.001293468279687111,0.042461811422031225,0.0004070991790645919
-0.0046145255262954234,-0.0047866494776682405,0.0074606563102147475,0.010677980519386758,0.01488572007539594,1.9773602580604144,0.862470326429857,0.7691402727836145,0.8057617408236563,0.00006753050292221299,0.036301283158799935,0.00020545289874006724
-0.007747881895596189,0.007901894230694172,0.0009822627462928106,0.004862240643384155,0.000005218699636737973,1.4293767564549074,1.0638637502848323,1.2646528044374117,1.7716438388497453,0.021213969811889548,0.041693372736223186,0.000007530767679168969
0.01117165893569786,0.007989971339855618,0.004694954088607948,0.007432426211166528,0.00009792725678086904,1.9311253247747993,0.6034687848578538,0.5720741885627452,2.2089134643844437,0.00883437143198033,0.03755532387461363,0.0000028685598608155733
0.01088385838836656,-0.007895678411178282,0.0005402378472531416,0.00507214651803115,0.0006629518858612614,1.9999526934738485,1.320989446172966,1.317153935497494,1.9213577158510495,0.013897220173640411,0.03878692294959951,0.0001827606890958877
0.011819064654528689,0.000059562682063587016,0.002955991021348117,0.0017005417624726374,0.0034848786197541814,1.0989424055984007,0.8957552092486815,1.3668663793291356,1.2276480930094005,0.02792742073502155,0.04092150657005724,0.000891103007136935
0.009420652094605141,0.004823009937202326,0.006631416313881904,0.0173754476383731,0.000864774812552463,2.1062328803388324,1.4525001826459916,1.2176750976935735,0.8423485968902746,0.0000642086803259771,0.04296281809085732,0.0003994804742309537
-0.003785206223169439,0.006932071027400767,0.000634863693826111,0.0067186962854984935,0.009395356870838634,0.9233293277211944,0.6008430516030955,0.4604282142771375,2.326879111368237,0.03069954337647505,0.039865627859474236,0.000004553863053852021
0.003190531456495926,-0.007222181331620646,0.013271779870731738,0.004668027100468024,0.0014886651318660176,1.8051773210806537,0.8416732428881455,1.3759358451848158,2.055582176716455,0.0005134918550849346,0.043483504148919445,0.007926716765074874
0.008969432140549124,-0.006667649509394527,0.0023654162462680537,0.002088994979393188,0.007828741031566154,2.1720757275871003,0.6965673820196733,1.3341389167746578,1.5849026494157732,0.028499362901927124,0.041070473331193964,0.0004405108710018353
0.009163059345395911,-0.002742543144926889,0.013341613964260628,0.0040998791293712115,0.014241330083391698,1.0450271370597821,1.2962236034530341,1.3753696061836616,0.8444667771597201,0.002350518561440836,0.04144235327934751,0.0019489793831022372
-0.007623496440106951,-0.0023682935749306773,0.00014421784392936634,0.009087411632609507,0.006657409228203397,2.1426863249693504,1.2403071021151644,1.377271948933838,1.9880798586132742,0.0005111290346000989,0.04339522734752982,0.0023183957326572387
0.010423720924111052,0.001627553278432503,0.006810147536976915,0.006060905654877425,0.014964122975340497,2.127074774690259,0.8370099216842961,1.2663976999289641,1.730222131160633,0.004728726438705475,0.035840271934968054,0.0009848555703871563
-0.003970726029700791,-0.0044353492408687085,0.008887597605465444,0.006692917946524005,0.006105591536901169,2.1991017682845517,1.6958723205998498,1.362353762096156,1.4074639027034879,0.00006564826183681528,0.0438963293906683,0.00010144454777395598
0.011287542036386815,0.005167669821047587,0.000858983337909377,0.003896537421400521,0.012841854022336603,0.8947058825987407,0.636252634670099,0.4785972784251958,2.3851525206051165,0.02488218996598125,0.04108547211763997,0.000013314910155499597
0.009587615819407449,-0.001595708525569015,0.0005169272610890903,0.010798228689497716,0.009052160721207517,1.64574792379286,1.7871384881322507,0.4370503125732061,2.082798827859789,0.008599436117258177,0.03796426368533162,0.003440806059593957
0.0017880670376287013,-0.0072571894042451415,0.006646533774486963,0.00972043533695527,0.008588459173407378,1.4982682618841352,1.7960866019789452,0.9743818138994244,2.1636978119788415,0.00008621077923374321,0.03978083776310213,0.003203129263614655
0.0010347111954686298,-0.007991431171613378,0.002558436990396868,0.012915262936794323,0.014940443925964095,2.1960444835885147,1.338895795987349,0.8650587075580464,0.811721474362741,0.00008246412090979112,0.04370088712407456,0.0000047602441384563614
0.011723303735845271,0.0023361044193109994,0.014773414764880446,0.01314525427258797,0.014888261097806579,1.2585775304169398,1.0734304046306604,1.1196804295518086,1.3242566642785798,0.00006693887839879772,0.04296903861250315,0.00026596655405081886
0.001846921782033011,0.004619756783077073,0.01472728831863791,0.0026151076866657067,0.0020377368493596486,2.173760962323387,1.7659402337148769,0.49722075301311186,2.384055371400539,0.0015274120929096738,0.04297445632681732,0.00006667166688465344
0.008045920556728207,-0.000007324891722469695,0.0015901133450263215,0.01855914450269909,0.014974796483373694,0.9216118643483833,1.6732283865373043,1.2989413046216582,2.2767883261175115,0.002733488473103202,0.037297269548652895,0.0005599386834024496
